iteration,sigma,active_count,active_ratio,reopening_step,relative_change,residual
1,8.956902,64,1.0000,True,2.397e-04,0.001165
2,8.509056,64,1.0000,False,2.240e-04,0.002163
3,8.083604,64,1.0000,False,2.185e-04,0.003070
4,7.679423,64,1.0000,True,2.196e-04,0.003934
5,7.295452,64,1.0000,False,2.254e-04,0.004788
6,6.930680,64,1.0000,False,2.348e-04,0.005655
7,6.584146,64,1.0000,True,2.474e-04,0.006551
8,6.254938,64,1.0000,False,2.627e-04,0.007492
9,5.942192,64,1.0000,False,2.808e-04,0.008487
10,5.645082,64,1.0000,True,3.016e-04,0.009549
11,5.362828,64,1.0000,False,3.252e-04,0.010686
12,5.094686,64,1.0000,False,3.518e-04,0.011908
13,4.839952,64,1.0000,True,3.815e-04,0.013222
14,4.597955,64,1.0000,False,4.145e-04,0.014637
15,4.368057,64,1.0000,False,4.513e-04,0.016161
16,4.149654,64,1.0000,True,4.922e-04,0.017802
17,3.942171,64,1.0000,False,5.378e-04,0.019567
18,3.745063,64,1.0000,False,5.887e-04,0.021463
19,3.557810,64,1.0000,True,6.456e-04,0.023498
20,3.379919,64,1.0000,False,7.095e-04,0.025677
21,3.210923,64,1.0000,False,7.814e-04,0.028007
22,3.050377,64,1.0000,True,8.628e-04,0.030493
23,2.897858,64,1.0000,False,9.551e-04,0.033140
24,2.752965,64,1.0000,False,1.060e-03,0.035953
25,2.615317,64,1.0000,True,1.179e-03,0.038938
26,2.484551,64,1.0000,False,1.315e-03,0.042100
27,2.360324,64,1.0000,False,1.469e-03,0.045444
28,2.242307,64,1.0000,True,1.644e-03,0.048978
29,2.130192,64,1.0000,False,1.840e-03,0.052712
30,2.023682,64,1.0000,False,2.061e-03,0.056657
31,1.922498,64,1.0000,True,2.308e-03,0.060830
32,1.826373,64,1.0000,False,2.581e-03,0.065252
33,1.735055,64,1.0000,False,2.882e-03,0.069949
34,1.648302,64,1.0000,True,3.209e-03,0.074955
35,1.565887,64,1.0000,False,3.565e-03,0.080306
36,1.487593,64,1.0000,False,3.947e-03,0.086050
37,1.413213,64,1.0000,True,4.355e-03,0.092234
38,1.342552,64,1.0000,False,4.788e-03,0.098914
39,1.275425,64,1.0000,False,5.246e-03,0.106144
40,1.211653,64,1.0000,True,5.728e-03,0.113976
41,1.151071,64,1.0000,False,6.234e-03,0.122461
42,1.093517,64,1.0000,False,6.764e-03,0.131643
43,1.038841,64,1.0000,True,7.319e-03,0.141558
44,0.986899,64,1.0000,False,7.898e-03,0.152238
45,0.937554,64,1.0000,False,8.503e-03,0.163705
46,0.890677,64,1.0000,True,9.133e-03,0.175979
47,0.846143,64,1.0000,False,9.788e-03,0.189076
48,0.803836,64,1.0000,False,1.047e-02,0.203012
49,0.763644,64,1.0000,True,1.117e-02,0.217803
50,0.725462,64,1.0000,False,1.189e-02,0.233463
51,0.689189,64,1.0000,False,1.263e-02,0.250011
52,0.654729,64,1.0000,True,1.339e-02,0.267464
53,0.621993,64,1.0000,False,1.416e-02,0.285841
54,0.590893,64,1.0000,False,1.494e-02,0.305157
55,0.561348,64,1.0000,True,1.572e-02,0.325428
56,0.533281,64,1.0000,False,1.650e-02,0.346663
57,0.506617,64,1.0000,False,1.727e-02,0.368868
58,0.481286,64,1.0000,True,1.804e-02,0.392038
59,0.457222,64,1.0000,False,1.878e-02,0.416158
60,0.434361,64,1.0000,False,1.951e-02,0.441203
61,0.412643,64,1.0000,True,2.020e-02,0.467129
62,0.392011,64,1.0000,False,2.085e-02,0.493880
63,0.372410,64,1.0000,False,2.147e-02,0.521380
64,0.353789,64,1.0000,True,2.204e-02,0.549537
65,0.336100,64,1.0000,False,2.257e-02,0.578243
66,0.319295,64,1.0000,False,2.306e-02,0.607373
67,0.303330,64,1.0000,True,2.350e-02,0.636790
68,0.288164,64,1.0000,False,2.388e-02,0.666339
69,0.273756,64,1.0000,False,2.418e-02,0.695835
70,0.260068,64,1.0000,True,2.435e-02,0.725030
71,0.247064,64,1.0000,False,2.430e-02,0.753551
72,0.234711,64,1.0000,False,2.395e-02,0.780828
73,0.222976,64,1.0000,True,2.324e-02,0.806048
74,0.211827,64,1.0000,False,2.219e-02,0.828167
75,0.201235,64,1.0000,False,2.083e-02,0.846040
76,0.191174,64,1.0000,True,1.928e-02,0.858767
77,0.181615,64,1.0000,False,1.782e-02,0.866144
78,0.172534,64,1.0000,False,1.663e-02,0.868780
79,0.163908,64,1.0000,True,1.574e-02,0.867719
80,0.155712,64,1.0000,False,1.503e-02,0.863965
81,0.147927,64,1.0000,False,1.443e-02,0.858247
82,0.140530,64,1.0000,True,1.389e-02,0.851028
83,0.133504,64,1.0000,False,1.336e-02,0.842579
84,0.126829,64,1.0000,False,1.284e-02,0.833096
85,0.120487,64,1.0000,True,1.233e-02,0.822781
86,0.114463,64,1.0000,False,1.182e-02,0.811859
87,0.108740,64,1.0000,False,1.132e-02,0.800541
88,0.103303,64,1.0000,True,1.083e-02,0.788996
89,0.098138,64,1.0000,False,1.036e-02,0.777361
90,0.093231,64,1.0000,False,9.898e-03,0.765742
91,0.088569,64,1.0000,True,9.459e-03,0.754224
92,0.084141,64,1.0000,False,9.039e-03,0.742880
93,0.079934,64,1.0000,False,8.637e-03,0.731766
94,0.075937,64,1.0000,True,8.254e-03,0.720935
95,0.072140,64,1.0000,False,7.888e-03,0.710418
96,0.068533,64,1.0000,False,7.539e-03,0.700276
97,0.065106,64,1.0000,True,7.205e-03,0.690422
98,0.061851,64,1.0000,False,6.892e-03,0.681365
99,0.058759,64,1.0000,False,6.584e-03,0.670714
100,0.055821,64,1.0000,True,6.692e-03,0.671895
101,0.053030,64,1.0000,False,3.564e-03,0.654265
102,0.050378,64,1.0000,False,3.873e-03,0.671067
103,0.047859,64,1.0000,True,2.035e-03,0.660488
104,0.045466,64,1.0000,False,9.344e-04,0.663122
105,0.043193,64,1.0000,False,7.521e-04,0.663119
106,0.041033,64,1.0000,True,7.677e-04,0.663708
107,0.038982,64,1.0000,False,7.436e-04,0.663749
108,0.037033,64,1.0000,False,7.437e-04,0.663894
109,0.035181,64,1.0000,True,7.302e-04,0.663693
110,0.033422,64,1.0000,False,7.302e-04,0.663611
111,0.031751,64,1.0000,False,7.174e-04,0.663120
112,0.030163,64,1.0000,True,7.242e-04,0.663029
113,0.028655,64,1.0000,False,7.089e-04,0.661940
114,0.027222,64,1.0000,False,7.803e-04,0.662820
115,0.025861,64,1.0000,True,9.849e-04,0.658405
116,0.024568,64,1.0000,False,1.230e-03,0.663981
117,0.023340,64,1.0000,False,6.870e-04,0.660510
118,0.022173,64,1.0000,True,2.504e-04,0.661381
119,0.021064,64,1.0000,False,1.778e-04,0.661316
120,0.020011,64,1.0000,False,1.850e-04,0.661512
121,0.019010,64,1.0000,True,1.767e-04,0.661503
122,0.018060,64,1.0000,False,1.789e-04,0.661570
123,0.017157,64,1.0000,False,1.746e-04,0.661500
124,0.016299,64,1.0000,True,1.770e-04,0.661520
125,0.015484,64,1.0000,False,1.728e-04,0.661346
126,0.014710,64,1.0000,False,1.805e-04,0.661432
127,0.013974,64,1.0000,True,1.815e-04,0.660933
128,0.013276,64,1.0000,False,1.308e-04,0.661336
129,0.012612,64,1.0000,False,1.057e-04,0.661015
130,0.011981,64,1.0000,True,1.240e-04,0.661356
131,0.011382,64,1.0000,False,1.264e-04,0.660869
132,0.010813,64,1.0000,False,9.495e-05,0.661213
133,0.010272,64,1.0000,True,4.901e-05,0.661133
134,0.010000,64,1.0000,False,4.562e-05,0.661140
135,0.010000,64,1.0000,False,4.357e-05,0.661020
136,0.010000,64,1.0000,True,4.288e-05,0.660973
137,0.010000,64,1.0000,False,4.265e-05,0.660884
138,0.010000,64,1.0000,False,4.256e-05,0.660819
139,0.010000,64,1.0000,True,4.252e-05,0.660741
140,0.010000,64,1.0000,False,4.250e-05,0.660670
141,0.010000,64,1.0000,False,4.248e-05,0.660595
142,0.010000,64,1.0000,True,4.246e-05,0.660522
143,0.010000,64,1.0000,False,4.245e-05,0.660449
144,0.010000,64,1.0000,False,4.243e-05,0.660376
145,0.010000,64,1.0000,True,4.241e-05,0.660302
146,0.010000,64,1.0000,False,4.240e-05,0.660229
147,0.010000,64,1.0000,False,4.238e-05,0.660156
148,0.010000,64,1.0000,True,4.236e-05,0.660083
149,0.010000,64,1.0000,False,4.235e-05,0.660010
150,0.010000,64,1.0000,False,4.233e-05,0.659937
