patch_id,iteration,sigma,data_fidelity,sparsity_term,total_objective,gradient_fidelity_norm,gradient_sparsity_norm,gradient_total_norm,gradient_ratio,lambda_over_sigma2
0,1,8.956902,0.000000,-6.383601,-6.383601,0.000000,0.006209,0.006209,6209367590.4569,0.0012
0,6,6.930680,0.000011,-6.373025,-6.373013,0.004884,0.010107,0.006077,2.0693,0.0021
0,11,5.362828,0.000046,-6.355999,-6.355953,0.009170,0.016225,0.008407,1.7694,0.0035
0,26,2.484551,0.000758,-6.228739,-6.227981,0.035144,0.060029,0.033729,1.7081,0.0162
0,51,0.689189,0.027252,-5.527119,-5.499867,0.207064,0.422023,0.311013,2.0381,0.2105
0,76,0.191174,0.357892,-5.655551,-5.297659,0.890368,1.076557,0.511522,1.2091,2.7362
0,101,0.053030,0.225721,-5.894927,-5.669206,0.806586,0.605756,0.457320,0.7510,35.5601
0,126,0.014710,0.212569,-5.894883,-5.682314,0.772472,2.169865,1.756738,2.8090,462.1501
1,1,8.595188,0.000000,-6.383286,-6.383286,0.000000,0.006537,0.006537,6536760461.3071,0.0014
1,6,6.650792,0.000013,-6.372504,-6.372491,0.005237,0.010645,0.006396,2.0328,0.0023
1,11,5.146256,0.000050,-6.355136,-6.355086,0.009746,0.017104,0.008906,1.7550,0.0038
1,26,2.384215,0.000836,-6.224938,-6.224102,0.037531,0.063698,0.035769,1.6972,0.0176
1,51,0.661357,0.031110,-5.507068,-5.475958,0.227796,0.448349,0.324966,1.9682,0.2286
1,76,0.183453,0.345401,-5.636201,-5.290801,0.877855,1.015566,0.451263,1.1569,2.9713
1,101,0.050888,0.325805,-5.990257,-5.664452,0.939309,0.863478,0.381329,0.9193,38.6161
1,126,0.014116,0.325037,-5.997929,-5.672892,0.949255,1.440597,0.576426,1.5176,501.8662
2,1,8.016840,0.000000,-6.382639,-6.382639,0.000000,0.007148,0.007148,7148278763.1712,0.0016
2,6,6.203278,0.000016,-6.371437,-6.371421,0.005951,0.011647,0.006578,1.9572,0.0026
2,11,4.799978,0.000063,-6.353379,-6.353317,0.011127,0.018732,0.008959,1.6835,0.0043
2,26,2.223788,0.001034,-6.217495,-6.216461,0.043430,0.070088,0.036404,1.6138,0.0202
2,51,0.616856,0.038832,-5.478941,-5.440109,0.273201,0.488658,0.332634,1.7886,0.2628
2,76,0.171109,0.385143,-5.531190,-5.146047,0.948658,1.055937,0.402152,1.1131,3.4155
2,101,0.047464,0.352638,-5.681450,-5.328812,0.920999,1.274775,0.590666,1.3841,44.3887
2,126,0.013166,0.365768,-5.699314,-5.333546,0.949833,0.889472,0.258478,0.9365,576.8889
3,1,8.050656,0.000000,-6.382843,-6.382843,0.000000,0.007074,0.007074,7074046965.2701,0.0015
3,6,6.229444,0.000015,-6.371779,-6.371764,0.005666,0.011523,0.006786,2.0337,0.0026
3,11,4.820225,0.000060,-6.353952,-6.353891,0.010643,0.018523,0.009351,1.7403,0.0043
3,26,2.233168,0.001006,-6.220221,-6.219215,0.041197,0.069063,0.037660,1.6764,0.0201
3,51,0.619458,0.037301,-5.514146,-5.476844,0.242581,0.471369,0.334568,1.9431,0.2606
3,76,0.171831,0.343742,-5.611222,-5.267480,0.789501,0.941489,0.433528,1.1925,3.3869
3,101,0.047664,0.384029,-5.788099,-5.404070,0.890454,1.018966,0.340717,1.1443,44.0166
3,126,0.013222,0.396643,-5.799320,-5.402676,0.916036,0.882015,0.122701,0.9629,572.0528
4,1,8.188068,0.000000,-6.382830,-6.382830,0.000000,0.006960,0.006960,6960088697.8439,0.0015
4,6,6.335771,0.000014,-6.371752,-6.371737,0.005415,0.011341,0.006914,2.0944,0.0025
4,11,4.902499,0.000057,-6.353899,-6.353842,0.010177,0.018239,0.009616,1.7921,0.0042
4,26,2.271285,0.000981,-6.219695,-6.218714,0.039566,0.068366,0.038396,1.7279,0.0194
4,51,0.630031,0.039023,-5.486968,-5.447945,0.246266,0.479825,0.338962,1.9484,0.2519
4,76,0.174764,0.423369,-5.678860,-5.255491,0.925878,1.136492,0.549106,1.2275,3.2741
4,101,0.048478,0.436716,-5.984589,-5.547873,1.068219,1.141061,0.274360,1.0682,42.5516
4,126,0.013447,0.451572,-5.998918,-5.547347,1.098718,1.093407,0.171938,0.9952,553.0135
5,1,8.790466,0.000000,-6.383342,-6.383342,0.000000,0.006380,0.006380,6380023265.4492,0.0013
5,6,6.801895,0.000012,-6.372596,-6.372584,0.004931,0.010389,0.006355,2.1067,0.0022
5,11,5.263176,0.000048,-6.355288,-6.355240,0.009276,0.016690,0.008828,1.7992,0.0036
5,26,2.438383,0.000811,-6.225596,-6.224785,0.035764,0.062111,0.035301,1.7367,0.0168
5,51,0.676382,0.031576,-5.505394,-5.473817,0.222475,0.449232,0.326450,2.0193,0.2186
5,76,0.187621,0.374822,-5.602304,-5.227482,0.869016,1.072370,0.550015,1.2340,2.8408
5,101,0.052044,0.350580,-5.890394,-5.539814,0.875384,0.839369,0.365832,0.9589,36.9194
5,126,0.014437,0.346874,-5.898842,-5.551968,0.873993,1.053804,0.373727,1.2057,479.8162
6,1,8.990642,0.000000,-6.383608,-6.383608,0.000000,0.006185,0.006185,6184918686.7057,0.0012
6,6,6.956788,0.000011,-6.373035,-6.373024,0.004944,0.010068,0.005992,2.0362,0.0021
6,11,5.383030,0.000045,-6.356013,-6.355967,0.009242,0.016163,0.008287,1.7488,0.0035
6,26,2.493910,0.000748,-6.228701,-6.227953,0.035425,0.059843,0.033383,1.6893,0.0161
6,51,0.691785,0.026619,-5.520951,-5.494333,0.210973,0.420668,0.308411,1.9939,0.2090
6,76,0.191894,0.342178,-5.644178,-5.301999,0.891349,1.066111,0.505551,1.1961,2.7157
6,101,0.053229,0.188406,-5.885419,-5.697013,0.754416,1.010403,0.626295,1.3393,35.2937
6,126,0.014765,0.182639,-5.899103,-5.716464,0.750357,0.906846,0.270353,1.2086,458.6878
7,1,8.674610,0.000000,-6.383359,-6.383359,0.000000,0.006461,0.006461,6460857853.7908,0.0013
7,6,6.712248,0.000013,-6.372625,-6.372613,0.005184,0.010519,0.006185,2.0289,0.0022
7,11,5.193809,0.000050,-6.355340,-6.355290,0.009724,0.016893,0.008501,1.7373,0.0037
7,26,2.406246,0.000828,-6.225935,-6.225106,0.037466,0.062650,0.034266,1.6722,0.0173
7,51,0.667468,0.029546,-5.517504,-5.487957,0.223315,0.436214,0.315515,1.9534,0.2245
7,76,0.185149,0.289011,-5.629973,-5.340961,0.799073,0.921852,0.437690,1.1537,2.9172
7,101,0.051358,0.147381,-5.793578,-5.646197,0.597613,0.696282,0.280057,1.1651,37.9122
7,126,0.014246,0.143306,-5.799721,-5.656415,0.591533,0.523954,0.275497,0.8858,492.7184
8,1,8.446728,0.000000,-6.383238,-6.383238,0.000000,0.006663,0.006663,6662645446.6639,0.0014
8,6,6.535917,0.000013,-6.372424,-6.372411,0.005385,0.010852,0.006411,2.0152,0.0023
8,11,5.057368,0.000053,-6.355001,-6.354949,0.010054,0.017442,0.008882,1.7348,0.0039
8,26,2.343034,0.000878,-6.224201,-6.223323,0.038850,0.065180,0.036014,1.6777,0.0182
8,51,0.649933,0.033541,-5.498226,-5.464685,0.241429,0.464131,0.332147,1.9224,0.2367
8,76,0.180285,0.280802,-5.524335,-5.243533,0.854646,0.964798,0.433836,1.1289,3.0767
8,101,0.050009,0.184759,-5.695344,-5.510585,0.787764,0.801097,0.694045,1.0169,39.9854
8,126,0.013872,0.172683,-5.799287,-5.626604,0.736753,0.860593,0.459634,1.1681,519.6629
9,1,7.923876,0.000000,-6.383194,-6.383194,0.000000,0.007112,0.007112,7112266253.7104,0.0016
9,6,6.131344,0.000015,-6.372359,-6.372344,0.005796,0.011584,0.006783,1.9985,0.0027
9,11,4.744317,0.000060,-6.354906,-6.354846,0.010809,0.018618,0.009367,1.7224,0.0044
9,26,2.198001,0.001003,-6.224095,-6.223092,0.041894,0.069576,0.037914,1.6607,0.0207
9,51,0.609702,0.038481,-5.526881,-5.488400,0.266007,0.495556,0.347704,1.8629,0.2690
9,76,0.169125,0.318884,-5.736128,-5.417245,0.929760,1.022312,0.447803,1.0995,3.4961
9,101,0.046914,0.198218,-6.093341,-5.895123,0.813899,0.776099,0.393316,0.9536,45.4364
9,126,0.013013,0.194945,-6.099154,-5.904208,0.813076,0.999549,0.406494,1.2293,590.5047
