patch_id,solver,measurement_residual,coefficient_error,DC_error,AC_error,patch_psnr
0,ASL-SR-DPT,0.659937,1.489871,1.154627,0.941570,14.60
0,OMP,0.000000,0.616025,0.172365,0.591419,22.27
0,LASSO-ADMM,0.093970,2.479538,1.869895,1.628375,10.17
1,ASL-SR-DPT,0.811919,1.564013,0.853249,1.310764,14.18
1,OMP,0.000044,1.068257,0.004252,1.068248,17.49
1,LASSO-ADMM,0.090012,1.963013,1.324462,1.448868,12.20
2,ASL-SR-DPT,0.856743,1.688019,0.864748,1.449696,13.51
2,OMP,0.000000,1.396211,0.073615,1.394269,15.16
2,LASSO-ADMM,0.079574,2.055853,1.325582,1.571420,11.80
3,ASL-SR-DPT,0.892930,2.182217,1.213485,1.813705,11.28
3,OMP,0.000000,0.883869,0.120911,0.875559,19.13
3,LASSO-ADMM,0.087852,2.120966,1.381578,1.609266,11.53
4,ASL-SR-DPT,0.951588,1.722071,0.882192,1.478940,13.34
4,OMP,0.000000,1.257809,0.035109,1.257319,16.07
4,LASSO-ADMM,0.087639,2.692081,1.751617,2.044294,9.46
5,ASL-SR-DPT,0.836794,1.768551,1.178086,1.319047,13.11
5,OMP,0.000010,0.831174,0.062077,0.828853,19.67
5,LASSO-ADMM,0.098799,2.321633,1.654514,1.628670,10.75
6,ASL-SR-DPT,0.606616,1.419345,0.968659,1.037420,15.02
6,OMP,0.000000,0.533246,0.071994,0.528364,23.52
6,LASSO-ADMM,0.094273,2.214626,1.600105,1.531088,11.16
7,ASL-SR-DPT,0.535133,1.496176,0.963177,1.144916,14.56
7,OMP,0.000000,0.763437,0.126405,0.752900,20.41
7,LASSO-ADMM,0.078880,2.032634,1.430552,1.443995,11.90
8,ASL-SR-DPT,0.598562,1.148753,0.664911,0.936764,16.86
8,OMP,0.000000,1.129677,0.145442,1.120275,17.00
8,LASSO-ADMM,0.080710,1.677810,1.159722,1.212473,13.57
9,ASL-SR-DPT,0.624804,0.688421,0.363427,0.584675,21.30
9,OMP,0.000000,0.713624,0.205618,0.683360,20.99
9,LASSO-ADMM,0.075322,1.619977,1.082315,1.205371,13.87
10,ASL-SR-DPT,0.767454,1.154509,0.424142,1.073776,16.81
10,OMP,0.000000,0.861651,0.142734,0.849747,19.36
10,LASSO-ADMM,0.095989,1.372812,0.922609,1.016566,15.31
11,ASL-SR-DPT,0.713027,0.889185,0.249248,0.853537,19.08
11,OMP,0.000000,1.423689,0.305566,1.390510,14.99
11,LASSO-ADMM,0.091500,1.102206,0.695171,0.855332,17.22
12,ASL-SR-DPT,0.793722,0.964284,0.366365,0.891975,18.38
12,OMP,0.000000,0.985596,0.268905,0.948204,18.19
12,LASSO-ADMM,0.086770,1.144693,0.772791,0.844463,16.89
13,ASL-SR-DPT,0.807610,1.014250,0.073716,1.011567,17.94
13,OMP,0.000000,1.137813,0.187311,1.122289,16.94
13,LASSO-ADMM,0.066499,1.447366,0.839055,1.179345,14.85
14,ASL-SR-DPT,0.875390,1.730745,0.639113,1.608420,13.30
14,OMP,0.000013,1.152511,0.155743,1.141940,16.83
14,LASSO-ADMM,0.087513,1.853226,1.199871,1.412358,12.70
15,ASL-SR-DPT,1.242575,2.148851,0.873935,1.963109,11.42
15,OMP,0.000000,0.978926,0.271862,0.940418,18.25
15,LASSO-ADMM,0.085571,2.534428,1.441562,2.084520,9.98
16,ASL-SR-DPT,1.030675,2.375541,1.122497,2.093608,10.55
16,OMP,0.000000,1.194867,0.249008,1.168632,16.52
16,LASSO-ADMM,0.074381,2.906252,1.831267,2.256715,8.80
17,ASL-SR-DPT,0.844845,2.450596,1.533340,1.911620,10.28
17,OMP,0.000000,0.881414,0.061659,0.879255,19.16
17,LASSO-ADMM,0.091608,3.108904,2.153902,2.241872,8.21
18,ASL-SR-DPT,0.694651,1.583136,1.147618,1.090546,14.07
18,OMP,0.000000,0.836169,0.407776,0.729999,19.62
18,LASSO-ADMM,0.077872,2.812535,2.026732,1.950054,9.08
19,ASL-SR-DPT,0.575882,1.766332,1.360567,1.126404,13.12
19,OMP,0.000000,0.576374,0.125704,0.562500,22.85
19,LASSO-ADMM,0.079228,2.583921,1.902821,1.748119,9.82
20,ASL-SR-DPT,0.588461,1.563971,1.256284,0.931534,14.18
20,OMP,0.000000,0.534375,0.265106,0.463977,23.50
20,LASSO-ADMM,0.083818,2.533719,1.891849,1.685420,9.99
21,ASL-SR-DPT,0.593116,1.656533,1.283545,1.047193,13.68
21,OMP,0.000000,0.412883,0.198678,0.361938,25.75
21,LASSO-ADMM,0.082872,2.513172,1.876681,1.671557,10.06
22,ASL-SR-DPT,0.590884,1.618028,1.253979,1.022522,13.88
22,OMP,0.000000,0.531921,0.093727,0.523598,23.54
22,LASSO-ADMM,0.083850,2.544522,1.883340,1.711030,9.95
23,ASL-SR-DPT,0.601982,1.726710,1.287189,1.150944,13.32
23,OMP,0.000000,0.356885,0.098444,0.343039,27.01
23,LASSO-ADMM,0.081582,2.490145,1.841196,1.676549,10.14
24,ASL-SR-DPT,0.602898,1.304946,1.100419,0.701401,15.75
24,OMP,0.000000,0.405310,0.187695,0.359231,25.91
24,LASSO-ADMM,0.082399,2.479552,1.866678,1.632083,10.17
25,ASL-SR-DPT,0.543219,1.709368,1.307722,1.100819,13.41
25,OMP,0.000040,0.480194,0.144616,0.457901,24.43
25,LASSO-ADMM,0.084093,2.430507,1.793219,1.640648,10.35
26,ASL-SR-DPT,0.600189,1.767480,1.301190,1.196198,13.11
26,OMP,0.000033,0.419402,0.142642,0.394400,25.61
26,LASSO-ADMM,0.070678,2.488782,1.822234,1.695139,10.14
27,ASL-SR-DPT,0.567639,1.579597,1.235880,0.983731,14.09
27,OMP,0.000000,0.458514,0.131430,0.439273,24.83
27,LASSO-ADMM,0.075208,2.439631,1.820081,1.624533,10.32
28,ASL-SR-DPT,0.577230,1.149819,0.961601,0.630402,16.85
28,OMP,0.000000,0.481590,0.196105,0.439854,24.41
28,LASSO-ADMM,0.083178,2.462754,1.839070,1.637980,10.23
29,ASL-SR-DPT,0.622544,1.732168,1.314945,1.127531,13.29
29,OMP,0.000000,0.339615,0.149491,0.304944,27.44
29,LASSO-ADMM,0.080873,2.531752,1.871788,1.704752,9.99
30,ASL-SR-DPT,0.608558,1.877679,1.492387,1.139499,12.59
30,OMP,0.000000,0.370630,0.183056,0.322269,26.68
30,LASSO-ADMM,0.076022,2.556658,1.908566,1.701139,9.91
31,ASL-SR-DPT,0.535130,1.559235,1.255489,0.924641,14.20
31,OMP,0.000028,0.417291,0.193391,0.369772,25.65
31,LASSO-ADMM,0.078938,2.544115,1.943349,1.641924,9.95
32,ASL-SR-DPT,0.638195,1.672848,1.259963,1.100414,13.59
32,OMP,0.000000,0.379649,0.044929,0.376981,26.47
32,LASSO-ADMM,0.074209,2.544673,1.849446,1.747830,9.95
33,ASL-SR-DPT,0.570846,1.655634,1.335173,0.978999,13.68
33,OMP,0.000000,0.432382,0.273706,0.334722,25.34
33,LASSO-ADMM,0.082319,2.538062,1.928513,1.650029,9.97
34,ASL-SR-DPT,0.585039,1.773110,1.394205,1.095497,13.09
34,OMP,0.000024,0.517236,0.292623,0.426503,23.79
34,LASSO-ADMM,0.077043,2.542269,1.926960,1.658298,9.96
35,ASL-SR-DPT,0.604655,1.551924,1.240894,0.932014,14.24
35,OMP,0.000000,0.282395,0.069313,0.273757,29.04
35,LASSO-ADMM,0.080633,2.531662,1.880132,1.695411,9.99
36,ASL-SR-DPT,0.577711,1.709326,1.304143,1.104991,13.41
36,OMP,0.000033,0.331109,0.155215,0.292475,27.66
36,LASSO-ADMM,0.077633,2.540386,1.887093,1.700718,9.96
37,ASL-SR-DPT,0.580684,1.644192,1.299046,1.007892,13.74
37,OMP,0.000000,0.394710,0.194176,0.343645,26.14
37,LASSO-ADMM,0.075170,2.554165,1.921037,1.683263,9.92
38,ASL-SR-DPT,0.601522,1.659951,1.287983,1.047157,13.66
38,OMP,0.000000,0.401706,0.240487,0.321767,25.98
38,LASSO-ADMM,0.085893,2.530193,1.898620,1.672459,10.00
39,ASL-SR-DPT,0.580863,1.562375,1.246488,0.941958,14.19
39,OMP,0.000022,0.443257,0.162298,0.412476,25.13
39,LASSO-ADMM,0.079611,2.527184,1.876735,1.692490,10.01
40,ASL-SR-DPT,0.559619,1.706473,1.318852,1.082904,13.42
40,OMP,0.000000,0.290872,0.137769,0.256177,28.79
40,LASSO-ADMM,0.084848,2.538437,1.881658,1.703828,9.97
41,ASL-SR-DPT,0.569352,1.758407,1.357824,1.117277,13.16
41,OMP,0.000000,0.375922,0.089350,0.365149,26.56
41,LASSO-ADMM,0.082418,2.541417,1.892956,1.695736,9.96
42,ASL-SR-DPT,0.585316,1.553557,1.225434,0.954909,14.24
42,OMP,0.000000,0.339526,0.194735,0.278130,27.44
42,LASSO-ADMM,0.079241,2.548135,1.920175,1.675088,9.94
43,ASL-SR-DPT,0.633737,1.715278,1.318400,1.097268,13.38
43,OMP,0.000000,0.315518,0.159844,0.272032,28.08
43,LASSO-ADMM,0.076833,2.541523,1.887168,1.702333,9.96
44,ASL-SR-DPT,0.562739,1.528454,1.222576,0.917322,14.38
44,OMP,0.000007,0.449917,0.257512,0.368934,25.00
44,LASSO-ADMM,0.085712,2.543157,1.917492,1.670591,9.95
45,ASL-SR-DPT,0.618243,1.410179,1.107509,0.872942,15.08
45,OMP,0.000050,0.843320,0.107848,0.836396,19.54
45,LASSO-ADMM,0.097439,2.385351,1.773105,1.595618,10.51
46,ASL-SR-DPT,0.623400,1.418466,1.009115,0.996861,15.03
46,OMP,0.000000,0.872167,0.042546,0.871129,19.25
46,LASSO-ADMM,0.081393,2.475172,1.740045,1.760318,10.19
47,ASL-SR-DPT,0.665134,1.522617,1.135550,1.014341,14.41
47,OMP,0.000000,0.947406,0.126911,0.938868,18.53
47,LASSO-ADMM,0.085656,2.470689,1.832692,1.656968,10.21
48,ASL-SR-DPT,0.590873,1.738490,1.296980,1.157666,13.26
48,OMP,0.000037,0.550711,0.270292,0.479817,23.24
48,LASSO-ADMM,0.102916,2.465787,1.840701,1.640709,10.22
49,ASL-SR-DPT,0.634871,1.364531,1.107693,0.796844,15.36
49,OMP,0.000000,0.340601,0.157828,0.301826,27.42
49,LASSO-ADMM,0.080331,2.507086,1.853269,1.688453,10.08
50,ASL-SR-DPT,0.801353,1.580492,1.110934,1.124179,14.09
50,OMP,0.000019,0.817998,0.054070,0.816209,19.81
50,LASSO-ADMM,0.094573,2.059584,1.582754,1.317868,11.79
51,ASL-SR-DPT,0.489508,1.234424,0.798151,0.941678,16.23
51,OMP,0.000000,0.759600,0.331124,0.683630,20.45
51,LASSO-ADMM,0.092420,1.694603,1.131811,1.261223,13.48
52,ASL-SR-DPT,0.651371,1.015048,0.280414,0.975547,17.93
52,OMP,0.000000,0.968446,0.051512,0.967075,18.34
52,LASSO-ADMM,0.081917,1.003492,0.576239,0.821551,18.03
53,ASL-SR-DPT,0.835450,1.027290,0.195876,1.008443,17.83
53,OMP,0.000000,1.114816,0.087679,1.111363,17.12
53,LASSO-ADMM,0.084775,0.943560,0.546942,0.768869,18.57
54,ASL-SR-DPT,0.640383,0.573201,0.076752,0.568039,22.90
54,OMP,0.000000,1.041571,0.152865,1.030292,17.71
54,LASSO-ADMM,0.071634,0.855394,0.463176,0.719143,19.42
55,ASL-SR-DPT,0.546662,0.842151,0.389582,0.746622,19.55
55,OMP,0.000013,0.686602,0.053156,0.684541,21.33
55,LASSO-ADMM,0.084006,1.021700,0.629637,0.804629,17.88
56,ASL-SR-DPT,0.544859,0.780228,0.233295,0.744532,20.22
56,OMP,0.000000,0.715254,0.032844,0.714499,20.97
56,LASSO-ADMM,0.085781,1.046318,0.563340,0.881719,17.67
57,ASL-SR-DPT,0.552399,0.628780,0.237202,0.582322,22.09
57,OMP,0.000001,0.753352,0.190307,0.728919,20.52
57,LASSO-ADMM,0.078056,0.997611,0.586465,0.807023,18.08
58,ASL-SR-DPT,0.491340,0.650874,0.433003,0.485949,21.79
58,OMP,0.000000,0.811805,0.002510,0.811801,19.87
58,LASSO-ADMM,0.082784,0.859943,0.544149,0.665885,19.37
59,ASL-SR-DPT,0.408564,0.419963,0.219024,0.358326,25.60
59,OMP,0.000000,0.596964,0.135355,0.581416,22.54
59,LASSO-ADMM,0.076896,0.649736,0.369924,0.534147,21.81
60,ASL-SR-DPT,0.600323,0.587196,0.087285,0.580672,22.69
60,OMP,0.000000,0.833723,0.118590,0.825246,19.64
60,LASSO-ADMM,0.077473,0.744076,0.416930,0.616294,20.63
61,ASL-SR-DPT,0.473156,0.567588,0.104654,0.557857,22.98
61,OMP,0.000000,0.615663,0.039625,0.614387,22.27
61,LASSO-ADMM,0.083436,0.828924,0.524932,0.641530,19.69
62,ASL-SR-DPT,0.699490,0.771895,0.431151,0.640258,20.31
62,OMP,0.000000,0.959959,0.094604,0.955286,18.42
62,LASSO-ADMM,0.075948,1.072897,0.692422,0.819548,17.45
63,ASL-SR-DPT,0.680631,0.724628,0.126121,0.713568,20.86
63,OMP,0.000000,1.302536,0.454346,1.220725,15.77
63,LASSO-ADMM,0.097069,1.184523,0.669811,0.976958,16.59
64,ASL-SR-DPT,0.693147,0.655609,0.227874,0.614733,21.73
64,OMP,0.000028,0.926716,0.112952,0.919806,18.72
64,LASSO-ADMM,0.080046,1.301804,0.790287,1.034476,15.77
65,ASL-SR-DPT,0.630806,0.652965,0.164293,0.631958,21.76
65,OMP,0.000000,1.042378,0.148218,1.031786,17.70
65,LASSO-ADMM,0.082517,1.056480,0.537915,0.909284,17.58
66,ASL-SR-DPT,0.707496,0.902058,0.238824,0.869869,18.96
66,OMP,0.000000,0.974615,0.196796,0.954539,18.29
66,LASSO-ADMM,0.076675,1.257648,0.731269,1.023194,16.07
67,ASL-SR-DPT,0.776721,1.536800,0.611395,1.409947,14.33
67,OMP,0.000000,0.829741,0.067312,0.827007,19.68
67,LASSO-ADMM,0.087416,2.060492,1.171322,1.695179,11.78
68,ASL-SR-DPT,0.972240,1.733062,0.936125,1.458483,13.29
68,OMP,0.000000,0.869617,0.100102,0.863837,19.28
68,LASSO-ADMM,0.090774,2.379869,1.580217,1.779520,10.53
69,ASL-SR-DPT,0.859089,1.376998,0.939930,1.006307,15.28
69,OMP,0.000046,0.780310,0.125948,0.770079,20.22
69,LASSO-ADMM,0.098872,2.347845,1.689959,1.629851,10.65
70,ASL-SR-DPT,0.596275,1.668251,1.249289,1.105595,13.62
70,OMP,0.000000,0.651939,0.180287,0.626515,21.78
70,LASSO-ADMM,0.073831,2.478326,1.793684,1.710203,10.18
71,ASL-SR-DPT,0.545155,1.546273,1.230751,0.936062,14.28
71,OMP,0.000000,0.630788,0.302132,0.553723,22.06
71,LASSO-ADMM,0.086210,2.522624,1.877482,1.684843,10.02
72,ASL-SR-DPT,0.579380,1.699344,1.355433,1.024974,13.46
72,OMP,0.000000,0.491645,0.193951,0.451771,24.23
72,LASSO-ADMM,0.102126,2.466054,1.881318,1.594386,10.22
73,ASL-SR-DPT,0.602084,1.452454,1.031870,1.022188,14.82
73,OMP,0.000000,0.648343,0.103359,0.640051,21.83
73,LASSO-ADMM,0.073403,2.514989,1.859138,1.693746,10.05
74,ASL-SR-DPT,0.637997,1.640958,1.307175,0.991987,13.76
74,OMP,0.000000,0.598117,0.318131,0.506494,22.53
74,LASSO-ADMM,0.079840,2.533927,1.903752,1.672278,9.99
75,ASL-SR-DPT,0.696837,1.661582,1.295931,1.039912,13.65
75,OMP,0.000000,1.067142,0.270145,1.032382,17.50
75,LASSO-ADMM,0.097820,2.449015,1.765432,1.697328,10.28
76,ASL-SR-DPT,0.697059,1.260394,0.677383,1.062895,16.05
76,OMP,0.000000,0.779533,0.128325,0.768898,20.23
76,LASSO-ADMM,0.072619,2.109887,1.396128,1.581913,11.58
77,ASL-SR-DPT,0.818506,1.273204,0.823213,0.971271,15.96
77,OMP,0.000044,1.089475,0.376437,1.022375,17.32
77,LASSO-ADMM,0.077718,1.716684,1.214210,1.213548,13.37
78,ASL-SR-DPT,0.707497,1.041575,0.533438,0.894608,17.71
78,OMP,0.000000,1.142380,0.085058,1.139209,16.91
78,LASSO-ADMM,0.082943,1.360580,0.893738,1.025870,15.39
79,ASL-SR-DPT,0.684335,0.817918,0.243694,0.780771,19.81
79,OMP,0.000000,0.780764,0.281725,0.728164,20.21
79,LASSO-ADMM,0.086824,1.588886,0.938124,1.282373,14.04
80,ASL-SR-DPT,0.670399,0.864949,0.535994,0.678857,19.32
80,OMP,0.000000,0.769557,0.113083,0.761204,20.34
80,LASSO-ADMM,0.094258,1.582827,1.064772,1.171155,14.07
81,ASL-SR-DPT,0.573715,0.730729,0.405301,0.608026,20.79
81,OMP,0.000000,0.732901,0.049127,0.731252,20.76
81,LASSO-ADMM,0.072023,1.606185,1.066123,1.201337,13.95
82,ASL-SR-DPT,0.436396,0.715026,0.444676,0.559933,20.98
82,OMP,0.000000,0.594971,0.073700,0.590389,22.57
82,LASSO-ADMM,0.082318,1.568432,0.996988,1.210782,14.15
83,ASL-SR-DPT,0.416901,0.572447,0.372463,0.434703,22.91
83,OMP,0.000000,0.512688,0.021282,0.512246,23.86
83,LASSO-ADMM,0.080809,1.511997,1.050455,1.087510,14.47
84,ASL-SR-DPT,0.476675,0.434367,0.250092,0.355146,25.30
84,OMP,0.000000,0.710017,0.240138,0.668175,21.04
84,LASSO-ADMM,0.086707,1.695394,1.113710,1.278285,13.48
85,ASL-SR-DPT,0.697991,0.979819,0.658022,0.725984,18.24
85,OMP,0.000000,0.865598,0.118695,0.857421,19.32
85,LASSO-ADMM,0.083850,1.955188,1.397098,1.367801,12.24
86,ASL-SR-DPT,0.574229,1.431552,0.963106,1.059135,14.95
86,OMP,0.000000,0.699943,0.058549,0.697489,21.16
86,LASSO-ADMM,0.086967,2.117596,1.426758,1.564793,11.54
87,ASL-SR-DPT,0.620195,1.717925,1.157323,1.269594,13.36
87,OMP,0.000038,0.688697,0.031848,0.687960,21.30
87,LASSO-ADMM,0.085620,2.368596,1.659846,1.689722,10.57
88,ASL-SR-DPT,0.605242,1.284164,1.045288,0.745955,15.89
88,OMP,0.000000,0.773717,0.225158,0.740231,20.29
88,LASSO-ADMM,0.080249,2.530466,1.866719,1.708397,10.00
89,ASL-SR-DPT,0.521529,1.429008,1.100201,0.911933,14.96
89,OMP,0.000000,0.472497,0.201000,0.427612,24.57
89,LASSO-ADMM,0.082682,2.502584,1.858343,1.676153,10.09
90,ASL-SR-DPT,0.565985,1.477980,1.221455,0.832149,14.67
90,OMP,0.000000,0.438135,0.183904,0.397671,25.23
90,LASSO-ADMM,0.086739,2.466182,1.880533,1.595509,10.22
91,ASL-SR-DPT,0.594368,1.434427,1.160886,0.842570,14.93
91,OMP,0.000000,0.487731,0.202966,0.443494,24.30
91,LASSO-ADMM,0.087102,2.473799,1.845633,1.647215,10.19
92,ASL-SR-DPT,0.518744,1.444051,1.118052,0.913917,14.87
92,OMP,0.000000,0.633545,0.007438,0.633501,22.03
92,LASSO-ADMM,0.078758,2.382477,1.769642,1.595169,10.52
93,ASL-SR-DPT,0.597179,1.646171,1.224299,1.100442,13.73
93,OMP,0.000000,0.630679,0.049955,0.628698,22.07
93,LASSO-ADMM,0.085528,2.387959,1.743687,1.631535,10.50
94,ASL-SR-DPT,0.712717,1.254465,0.929039,0.842953,16.09
94,OMP,0.000002,0.572570,0.069006,0.568397,22.91
94,LASSO-ADMM,0.078857,2.384768,1.723518,1.648213,10.51
95,ASL-SR-DPT,0.553941,1.700490,1.169001,1.234951,13.45
95,OMP,0.000028,0.676058,0.058765,0.673499,21.46
95,LASSO-ADMM,0.088688,2.331803,1.706436,1.589144,10.71
96,ASL-SR-DPT,0.591675,1.524110,1.121883,1.031644,14.40
96,OMP,0.000000,0.479001,0.148639,0.455355,24.46
96,LASSO-ADMM,0.096707,2.411805,1.799643,1.605643,10.41
97,ASL-SR-DPT,0.533006,1.276946,1.007908,0.784037,15.94
97,OMP,0.000000,0.361638,0.158960,0.324828,26.90
97,LASSO-ADMM,0.085508,2.418684,1.779983,1.637588,10.39
98,ASL-SR-DPT,0.621711,1.425024,1.120383,0.880588,14.99
98,OMP,0.000022,0.407970,0.075821,0.400862,25.85
98,LASSO-ADMM,0.081994,2.476874,1.833348,1.665455,10.18
99,ASL-SR-DPT,0.572439,1.377105,1.084932,0.848140,15.28
99,OMP,0.000000,0.444382,0.090685,0.435031,25.11
99,LASSO-ADMM,0.071853,2.446429,1.792537,1.664880,10.29
100,ASL-SR-DPT,0.593998,1.194800,0.942047,0.734912,16.52
100,OMP,0.000000,0.832120,0.269178,0.787379,19.66
100,LASSO-ADMM,0.088871,2.329941,1.762640,1.523720,10.71
101,ASL-SR-DPT,0.672582,1.636474,1.048132,1.256769,13.78
101,OMP,0.000000,0.977246,0.133218,0.968123,18.26
101,LASSO-ADMM,0.075952,2.285501,1.637690,1.594205,10.88
102,ASL-SR-DPT,0.776692,1.676293,1.004982,1.341629,13.57
102,OMP,0.000024,0.656265,0.097380,0.649000,21.72
102,LASSO-ADMM,0.084394,2.170614,1.555291,1.514145,11.33
103,ASL-SR-DPT,0.632695,1.230568,0.670661,1.031751,16.26
103,OMP,0.000040,0.756294,0.072287,0.752831,20.49
103,LASSO-ADMM,0.095070,2.070691,1.456265,1.472091,11.74
104,ASL-SR-DPT,0.651163,1.761283,1.029398,1.429146,13.15
104,OMP,0.000000,0.844696,0.087464,0.840156,19.53
104,LASSO-ADMM,0.083006,2.312585,1.571588,1.696514,10.78
105,ASL-SR-DPT,0.669493,1.694010,0.970004,1.388799,13.48
105,OMP,0.000000,0.919622,0.154192,0.906603,18.79
105,LASSO-ADMM,0.088545,2.166038,1.490517,1.571648,11.35
106,ASL-SR-DPT,0.725650,1.306851,0.752310,1.068593,15.74
106,OMP,0.000000,0.950241,0.170716,0.934780,18.51
106,LASSO-ADMM,0.076842,2.353622,1.584408,1.740456,10.63
107,ASL-SR-DPT,0.726281,1.516268,0.920313,1.205027,14.45
107,OMP,0.000001,0.952792,0.224140,0.926053,18.48
107,LASSO-ADMM,0.086132,2.142097,1.496018,1.533137,11.45
108,ASL-SR-DPT,0.747541,1.395506,0.706480,1.203463,15.17
108,OMP,0.000000,1.146124,0.159165,1.135018,16.88
108,LASSO-ADMM,0.090255,1.812143,1.129156,1.417346,12.90
109,ASL-SR-DPT,0.648199,0.897071,0.199783,0.874542,19.01
109,OMP,0.000000,1.018371,0.228249,0.992463,17.90
109,LASSO-ADMM,0.085031,1.415514,0.784126,1.178484,15.04
110,ASL-SR-DPT,0.704367,0.836977,0.145625,0.824211,19.61
110,OMP,0.000000,0.726905,0.243973,0.684740,20.83
110,LASSO-ADMM,0.079773,1.122609,0.702122,0.875942,17.06
111,ASL-SR-DPT,0.501215,0.596523,0.190915,0.565148,22.55
111,OMP,0.000000,0.611392,0.042479,0.609914,22.34
111,LASSO-ADMM,0.075767,0.939642,0.536215,0.771622,18.60
112,ASL-SR-DPT,0.412080,0.563443,0.139111,0.546000,23.04
112,OMP,0.000000,0.621881,0.118802,0.610428,22.19
112,LASSO-ADMM,0.084294,0.866307,0.469267,0.728201,19.31
113,ASL-SR-DPT,0.525350,0.475419,0.086892,0.467411,24.52
113,OMP,0.000033,0.918830,0.045248,0.917715,18.80
113,LASSO-ADMM,0.075310,1.126057,0.617118,0.941898,17.03
114,ASL-SR-DPT,0.589296,0.552911,0.251293,0.492506,23.21
114,OMP,0.000019,0.866643,0.186479,0.846343,19.30
114,LASSO-ADMM,0.083352,1.124813,0.669748,0.903683,17.04
115,ASL-SR-DPT,0.622163,0.625616,0.103101,0.617062,22.14
115,OMP,0.000000,0.616747,0.153599,0.597314,22.26
115,LASSO-ADMM,0.067695,0.818333,0.485179,0.658992,19.80
116,ASL-SR-DPT,0.536012,0.648676,0.264170,0.592448,21.82
116,OMP,0.000000,0.632220,0.050166,0.630227,22.04
116,LASSO-ADMM,0.084271,0.846042,0.523630,0.664529,19.51
117,ASL-SR-DPT,0.708842,0.642707,0.145125,0.626108,21.90
117,OMP,0.000000,1.115166,0.001107,1.115166,17.12
117,LASSO-ADMM,0.084099,0.829888,0.582689,0.590921,19.68
118,ASL-SR-DPT,0.666949,0.777011,0.286500,0.722263,20.25
118,OMP,0.000000,0.970814,0.022224,0.970560,18.32
118,LASSO-ADMM,0.089493,0.926452,0.500637,0.779536,18.73
119,ASL-SR-DPT,0.720289,0.673992,0.225904,0.635006,21.49
119,OMP,0.000000,0.817081,0.073471,0.813771,19.82
119,LASSO-ADMM,0.083914,1.068784,0.655743,0.843979,17.48
120,ASL-SR-DPT,0.560735,0.767284,0.343998,0.685850,20.36
120,OMP,0.000000,0.809074,0.118923,0.800286,19.90
120,LASSO-ADMM,0.090967,0.987613,0.624393,0.765188,18.17
121,ASL-SR-DPT,0.809165,1.064482,0.201290,1.045277,17.52
121,OMP,0.000000,1.368697,0.096334,1.365302,15.34
121,LASSO-ADMM,0.080151,1.088408,0.724776,0.811992,17.33
122,ASL-SR-DPT,0.705033,1.056736,0.189339,1.039635,17.58
122,OMP,0.000000,1.400482,0.275147,1.373188,15.14
122,LASSO-ADMM,0.091118,1.454301,0.896800,1.144876,14.81
123,ASL-SR-DPT,0.886138,1.263022,0.340415,1.216282,16.03
123,OMP,0.000000,1.223225,0.167025,1.211769,16.31
123,LASSO-ADMM,0.084108,1.580191,0.915480,1.287983,14.09
124,ASL-SR-DPT,0.738529,1.181833,0.414799,1.106649,16.61
124,OMP,0.000000,1.489046,0.328515,1.452355,14.60
124,LASSO-ADMM,0.094864,1.262989,0.818726,0.961680,16.03
125,ASL-SR-DPT,0.955269,1.306703,0.149775,1.298091,15.74
125,OMP,0.000000,1.613386,0.026084,1.613175,13.91
125,LASSO-ADMM,0.086119,1.161731,0.553965,1.021148,16.76
126,ASL-SR-DPT,0.943070,1.293437,0.065241,1.291790,15.83
126,OMP,0.000000,2.132910,0.187012,2.124695,11.48
126,LASSO-ADMM,0.083914,1.231557,0.543822,1.104984,16.25
127,ASL-SR-DPT,0.880824,1.397476,0.352207,1.352365,15.15
127,OMP,0.000000,1.489592,0.237865,1.470477,14.60
127,LASSO-ADMM,0.089225,1.286045,0.557704,1.158827,15.88
128,ASL-SR-DPT,1.039771,1.718018,0.748703,1.546296,13.36
128,OMP,0.000000,1.352791,0.033038,1.352388,15.44
128,LASSO-ADMM,0.093156,1.482030,0.859370,1.207433,14.64
129,ASL-SR-DPT,1.088501,1.378576,0.349375,1.333570,15.27
129,OMP,0.000000,1.777015,0.134140,1.771945,13.07
129,LASSO-ADMM,0.086939,1.623146,0.895219,1.353952,13.85
130,ASL-SR-DPT,1.156186,2.098552,0.481960,2.042458,11.62
130,OMP,0.000000,1.753368,0.007492,1.753352,13.18
130,LASSO-ADMM,0.088092,1.489029,0.558657,1.380257,14.60
131,ASL-SR-DPT,0.973622,1.470782,0.357492,1.426675,14.71
131,OMP,0.000000,1.511554,0.208923,1.497046,14.47
131,LASSO-ADMM,0.101784,1.421913,0.691277,1.242567,15.00
132,ASL-SR-DPT,0.916152,1.779183,0.608812,1.671778,13.06
132,OMP,0.000000,1.816955,0.325244,1.787607,12.87
132,LASSO-ADMM,0.083831,1.568305,0.745834,1.379605,14.15
133,ASL-SR-DPT,1.338337,1.602356,0.227362,1.586144,13.97
133,OMP,0.000000,2.156426,0.428500,2.113425,11.39
133,LASSO-ADMM,0.081570,1.378571,0.756874,1.152215,15.27
134,ASL-SR-DPT,0.960733,1.060812,0.119242,1.054089,17.55
134,OMP,0.000000,1.210582,0.333202,1.163823,16.40
134,LASSO-ADMM,0.095472,0.688782,0.223895,0.651377,21.30
135,ASL-SR-DPT,1.145579,1.311049,0.106703,1.306700,15.71
135,OMP,0.000000,1.602002,0.304606,1.572777,13.97
135,LASSO-ADMM,0.088947,1.408201,0.655541,1.246313,15.09
136,ASL-SR-DPT,1.003547,1.277982,0.089889,1.274817,15.93
136,OMP,0.000000,1.133950,0.186304,1.118541,16.97
136,LASSO-ADMM,0.084862,1.085851,0.568788,0.924961,17.35
137,ASL-SR-DPT,0.920227,1.113264,0.049280,1.112172,17.13
137,OMP,0.000000,1.251691,0.177223,1.239081,16.11
137,LASSO-ADMM,0.079993,1.329603,0.737100,1.106584,15.59
138,ASL-SR-DPT,1.201942,1.500815,0.256968,1.478652,14.54
138,OMP,0.000000,1.378575,0.032961,1.378181,15.27
138,LASSO-ADMM,0.080685,1.335393,0.605319,1.190320,15.55
139,ASL-SR-DPT,1.041179,1.421231,0.018286,1.421114,15.01
139,OMP,0.000000,1.802108,0.358548,1.766079,12.95
139,LASSO-ADMM,0.088592,1.240867,0.392362,1.177201,16.19
140,ASL-SR-DPT,1.076101,1.377596,0.029130,1.377288,15.28
140,OMP,0.000000,1.569110,0.123845,1.564215,14.15
140,LASSO-ADMM,0.076058,1.017520,0.343257,0.957873,17.91
141,ASL-SR-DPT,0.792338,1.224718,0.056221,1.223427,16.30
141,OMP,0.000000,1.086972,0.298866,1.045078,17.34
141,LASSO-ADMM,0.088912,0.941038,0.323774,0.883585,18.59
142,ASL-SR-DPT,0.731108,0.900523,0.121975,0.892224,18.97
142,OMP,0.000017,1.307994,0.060675,1.306586,15.73
142,LASSO-ADMM,0.079321,0.793098,0.129282,0.782490,20.08
143,ASL-SR-DPT,0.832721,0.970141,0.089962,0.965960,18.33
143,OMP,0.000000,1.056251,0.281053,1.018173,17.59
143,LASSO-ADMM,0.075015,0.906577,0.375289,0.825252,18.91
144,ASL-SR-DPT,0.811960,1.217078,0.312640,1.176237,16.36
144,OMP,0.000000,1.233664,0.068989,1.231734,16.24
144,LASSO-ADMM,0.082410,1.066693,0.494385,0.945208,17.50
145,ASL-SR-DPT,0.919415,1.199776,0.019723,1.199614,16.48
145,OMP,0.000000,1.326187,0.498054,1.229111,15.61
145,LASSO-ADMM,0.081162,1.099108,0.349354,1.042109,17.24
146,ASL-SR-DPT,0.981541,1.150772,0.228889,1.127779,16.84
146,OMP,0.000007,1.179045,0.084904,1.175984,16.63
146,LASSO-ADMM,0.080384,1.023100,0.613884,0.818462,17.86
147,ASL-SR-DPT,0.852958,1.216324,0.241782,1.192050,16.36
147,OMP,0.000000,1.374374,0.372045,1.323060,15.30
147,LASSO-ADMM,0.084990,1.074544,0.504143,0.948938,17.44
148,ASL-SR-DPT,0.847139,1.212624,0.115455,1.207115,16.39
148,OMP,0.000000,1.220653,0.386839,1.157734,16.33
148,LASSO-ADMM,0.089285,0.849146,0.270177,0.805018,19.48
149,ASL-SR-DPT,0.804796,1.283272,0.189510,1.269202,15.90
149,OMP,0.000008,1.773771,0.168694,1.765731,13.08
149,LASSO-ADMM,0.094757,1.055367,0.219648,1.032257,17.59
150,ASL-SR-DPT,1.013573,1.165440,0.047035,1.164491,16.73
150,OMP,0.000000,1.406575,0.152322,1.398303,15.10
150,LASSO-ADMM,0.078930,1.125302,0.444812,1.033657,17.04
151,ASL-SR-DPT,0.935062,1.120406,0.403361,1.045279,17.07
151,OMP,0.000000,1.454676,0.146477,1.447283,14.81
151,LASSO-ADMM,0.082706,1.061558,0.548620,0.908802,17.54
152,ASL-SR-DPT,0.989708,1.215046,0.626622,1.041001,16.37
152,OMP,0.000000,1.771313,0.863289,1.546700,13.10
152,LASSO-ADMM,0.075254,0.746515,0.059325,0.744154,20.60
153,ASL-SR-DPT,0.959170,0.966741,0.292443,0.921447,18.36
153,OMP,0.000000,1.558334,0.305941,1.528007,14.21
153,LASSO-ADMM,0.080406,0.876233,0.357757,0.799871,19.21
154,ASL-SR-DPT,0.883248,0.926465,0.135927,0.916439,18.73
154,OMP,0.000000,1.260003,0.035318,1.259508,16.05
154,LASSO-ADMM,0.092055,0.753851,0.153898,0.737975,20.52
155,ASL-SR-DPT,0.734089,0.839053,0.030608,0.838494,19.59
155,OMP,0.000000,1.376853,0.025411,1.376619,15.28
155,LASSO-ADMM,0.075034,0.703306,0.210278,0.671136,21.12
156,ASL-SR-DPT,0.865246,0.885095,0.288474,0.836765,19.12
156,OMP,0.000000,1.022244,0.025884,1.021916,17.87
156,LASSO-ADMM,0.086563,0.846923,0.379500,0.757138,19.50
157,ASL-SR-DPT,0.648225,0.881417,0.422277,0.773678,19.16
157,OMP,0.000000,1.030420,0.059833,1.028682,17.80
157,LASSO-ADMM,0.079308,0.867592,0.526032,0.689933,19.30
158,ASL-SR-DPT,0.678274,1.730162,1.143302,1.298584,13.30
158,OMP,0.000019,0.704664,0.054634,0.702543,21.10
158,LASSO-ADMM,0.092041,2.061259,1.479738,1.434979,11.78
159,ASL-SR-DPT,0.880996,1.227843,0.494369,1.123921,16.28
159,OMP,0.000000,1.478150,0.129133,1.472499,14.67
159,LASSO-ADMM,0.080827,1.860636,1.220310,1.404568,12.67
160,ASL-SR-DPT,0.842249,1.614956,0.732469,1.439295,13.90
160,OMP,0.000000,1.568862,0.261803,1.546863,14.15
160,LASSO-ADMM,0.082493,1.813517,1.131547,1.417197,12.89
161,ASL-SR-DPT,0.881920,1.661640,0.812719,1.449323,13.65
161,OMP,0.000000,1.400916,0.522219,1.299943,15.13
161,LASSO-ADMM,0.092722,1.755309,1.092808,1.373638,13.17
162,ASL-SR-DPT,0.798322,2.019125,1.073454,1.710135,11.96
162,OMP,0.000031,0.752948,0.055520,0.750898,20.53
162,LASSO-ADMM,0.104308,2.537808,1.587717,1.979804,9.97
163,ASL-SR-DPT,0.999188,1.644021,0.932499,1.353975,13.74
163,OMP,0.000000,1.047241,0.067432,1.045068,17.66
163,LASSO-ADMM,0.089853,2.198092,1.510291,1.597070,11.22
164,ASL-SR-DPT,0.640064,1.083586,0.665682,0.855001,17.36
164,OMP,0.000000,0.828333,0.097800,0.822539,19.70
164,LASSO-ADMM,0.081715,1.856915,1.292595,1.333166,12.69
165,ASL-SR-DPT,0.494501,0.881919,0.434937,0.767210,19.15
165,OMP,0.000000,0.988083,0.022508,0.987827,18.17
165,LASSO-ADMM,0.079637,1.602721,1.055764,1.205851,13.96
166,ASL-SR-DPT,0.675405,1.036325,0.213875,1.014015,17.75
166,OMP,0.000000,0.765163,0.002781,0.765158,20.39
166,LASSO-ADMM,0.079799,1.769973,1.019356,1.446968,13.10
167,ASL-SR-DPT,0.644336,0.796671,0.198900,0.771442,20.04
167,OMP,0.000027,0.900922,0.119294,0.892989,18.97
167,LASSO-ADMM,0.090829,1.248487,0.854734,0.910027,16.13
168,ASL-SR-DPT,0.765608,1.241572,0.422982,1.167299,16.18
168,OMP,0.000000,0.797750,0.089521,0.792711,20.02
168,LASSO-ADMM,0.091849,1.206126,0.749994,0.944589,16.43
169,ASL-SR-DPT,0.710642,0.891674,0.241567,0.858329,19.06
169,OMP,0.000014,0.820278,0.035275,0.819520,19.78
169,LASSO-ADMM,0.093517,1.324605,0.819989,1.040287,15.62
170,ASL-SR-DPT,0.586793,0.910001,0.064769,0.907693,18.88
170,OMP,0.000000,1.218566,0.138237,1.210699,16.34
170,LASSO-ADMM,0.081748,1.344306,0.691337,1.152914,15.49
171,ASL-SR-DPT,0.704294,1.312792,0.418058,1.244447,15.70
171,OMP,0.000000,1.461433,0.325639,1.424691,14.77
171,LASSO-ADMM,0.088661,2.020276,1.227143,1.604878,11.95
172,ASL-SR-DPT,1.134402,2.033182,0.890581,1.827757,11.90
172,OMP,0.000000,0.893381,0.082090,0.889602,19.04
172,LASSO-ADMM,0.093104,2.172221,1.364037,1.690546,11.32
173,ASL-SR-DPT,1.224779,2.299940,1.329898,1.876458,10.83
173,OMP,0.000005,0.944216,0.284457,0.900349,18.56
173,LASSO-ADMM,0.081947,2.892721,1.923392,2.160647,8.84
174,ASL-SR-DPT,0.983896,2.291215,1.494119,1.737030,10.86
174,OMP,0.000025,0.882196,0.206390,0.857714,19.15
174,LASSO-ADMM,0.089560,2.894630,1.992075,2.100124,8.83
175,ASL-SR-DPT,0.658596,1.463637,1.119251,0.943138,14.75
175,OMP,0.000008,0.726936,0.143961,0.712539,20.83
175,LASSO-ADMM,0.087146,2.642102,1.977506,1.752192,9.62
176,ASL-SR-DPT,0.577115,1.590463,1.275707,0.949814,14.03
176,OMP,0.000012,0.395013,0.281052,0.277570,26.13
176,LASSO-ADMM,0.078121,2.530609,1.933410,1.632761,10.00
177,ASL-SR-DPT,0.576652,1.634681,1.230799,1.075786,13.79
177,OMP,0.000000,0.362660,0.107638,0.346318,26.87
177,LASSO-ADMM,0.076841,2.549928,1.895549,1.705587,9.93
178,ASL-SR-DPT,0.559909,1.720384,1.299817,1.127030,13.35
178,OMP,0.000000,0.387569,0.224054,0.316243,26.29
178,LASSO-ADMM,0.070094,2.562969,1.901073,1.718933,9.89
179,ASL-SR-DPT,0.578600,1.513455,1.161248,0.970592,14.46
179,OMP,0.000018,0.367201,0.173841,0.323443,26.76
179,LASSO-ADMM,0.077690,2.539274,1.862390,1.726099,9.97
180,ASL-SR-DPT,0.558911,1.720273,1.320170,1.102946,13.35
180,OMP,0.000000,0.341716,0.069925,0.334486,27.39
180,LASSO-ADMM,0.081725,2.530585,1.868799,1.706297,10.00
181,ASL-SR-DPT,0.581207,1.353209,1.087987,0.804647,15.43
181,OMP,0.000000,0.343500,0.165098,0.301222,27.34
181,LASSO-ADMM,0.088013,2.511860,1.864007,1.683722,10.06
182,ASL-SR-DPT,0.618440,1.539933,1.274104,0.864901,14.31
182,OMP,0.000000,0.436004,0.165410,0.403409,25.27
182,LASSO-ADMM,0.087924,2.503225,1.888827,1.642702,10.09
183,ASL-SR-DPT,0.536274,1.670454,1.287052,1.064854,13.61
183,OMP,0.000029,0.368271,0.088450,0.357491,26.74
183,LASSO-ADMM,0.083329,2.447711,1.824389,1.631837,10.29
184,ASL-SR-DPT,0.613500,1.522813,1.101749,1.051241,14.41
184,OMP,0.000024,0.460152,0.076233,0.453793,24.80
184,LASSO-ADMM,0.075137,2.456549,1.770787,1.702629,10.26
185,ASL-SR-DPT,0.607740,1.527279,1.219200,0.919855,14.38
185,OMP,0.000000,0.391041,0.071189,0.384506,26.22
185,LASSO-ADMM,0.079574,2.488409,1.838391,1.677050,10.14
186,ASL-SR-DPT,0.559826,1.617103,1.257445,1.016787,13.89
186,OMP,0.000000,0.391260,0.177247,0.348809,26.21
186,LASSO-ADMM,0.081691,2.493145,1.855297,1.665426,10.13
187,ASL-SR-DPT,0.522799,1.435548,1.147009,0.863232,14.92
187,OMP,0.000000,0.414573,0.265197,0.318656,25.71
187,LASSO-ADMM,0.083428,2.509936,1.882213,1.660438,10.07
188,ASL-SR-DPT,0.591063,1.604837,1.236194,1.023389,13.95
188,OMP,0.000010,0.339838,0.093896,0.326609,27.44
188,LASSO-ADMM,0.082629,2.565455,1.886905,1.738145,9.88
189,ASL-SR-DPT,0.608909,1.414007,1.156228,0.813975,15.05
189,OMP,0.000039,0.370916,0.188835,0.319249,26.68
189,LASSO-ADMM,0.080732,2.533213,1.910964,1.662944,9.99
190,ASL-SR-DPT,0.634672,1.763909,1.380302,1.098244,13.13
190,OMP,0.000000,0.379812,0.110253,0.363457,26.47
190,LASSO-ADMM,0.083204,2.538780,1.909247,1.673374,9.97
191,ASL-SR-DPT,0.569474,1.760165,1.321704,1.162446,13.15
191,OMP,0.000036,0.310185,0.124955,0.283903,28.23
191,LASSO-ADMM,0.075225,2.557313,1.892266,1.720226,9.91
192,ASL-SR-DPT,0.579840,1.536701,1.193695,0.967750,14.33
192,OMP,0.000000,0.435498,0.277144,0.335931,25.28
192,LASSO-ADMM,0.086788,2.537351,1.894723,1.687653,9.97
193,ASL-SR-DPT,0.572286,1.585967,1.293673,0.917443,14.06
193,OMP,0.000013,0.395315,0.224493,0.325387,26.12
193,LASSO-ADMM,0.082083,2.531862,1.907677,1.664660,9.99
194,ASL-SR-DPT,0.631738,1.727684,1.379660,1.039919,13.31
194,OMP,0.000051,0.427697,0.274465,0.328015,25.44
194,LASSO-ADMM,0.078347,2.537794,1.911592,1.669195,9.97
195,ASL-SR-DPT,0.568333,1.599849,1.297776,0.935572,13.98
195,OMP,0.000000,0.446806,0.103929,0.434551,25.06
195,LASSO-ADMM,0.081596,2.559089,1.944758,1.663386,9.90
196,ASL-SR-DPT,0.612379,1.767834,1.344129,1.148283,13.11
196,OMP,0.000047,0.509038,0.185348,0.474094,23.93
196,LASSO-ADMM,0.080323,2.536976,1.893602,1.688348,9.98
197,ASL-SR-DPT,0.547390,1.572383,1.288028,0.901872,14.13
197,OMP,0.000000,0.451756,0.287421,0.348529,24.96
197,LASSO-ADMM,0.073980,2.550605,1.937100,1.659286,9.93
198,ASL-SR-DPT,0.626353,1.760340,1.360062,1.117600,13.15
198,OMP,0.000039,0.346467,0.158358,0.308159,27.27
198,LASSO-ADMM,0.082348,2.525264,1.896705,1.667175,10.02
199,ASL-SR-DPT,0.587160,1.543407,1.204886,0.964548,14.29
199,OMP,0.000000,0.509165,0.253170,0.441763,23.92
199,LASSO-ADMM,0.084547,2.540347,1.908507,1.676594,9.96
200,ASL-SR-DPT,0.564861,1.760933,1.313534,1.172822,13.15
200,OMP,0.000000,0.477693,0.176192,0.444012,24.48
200,LASSO-ADMM,0.075597,2.579653,1.913207,1.730391,9.83
201,ASL-SR-DPT,0.639427,1.602562,1.239974,1.015219,13.97
201,OMP,0.000015,0.471826,0.224490,0.414999,24.59
201,LASSO-ADMM,0.078616,2.561972,1.890204,1.729402,9.89
202,ASL-SR-DPT,0.563010,1.533316,1.207775,0.944637,14.35
202,OMP,0.000000,0.501836,0.263942,0.426819,24.05
202,LASSO-ADMM,0.079203,2.562289,1.938460,1.675620,9.89
203,ASL-SR-DPT,0.598996,1.713106,1.298282,1.117674,13.39
203,OMP,0.000003,0.716881,0.023865,0.716484,20.95
203,LASSO-ADMM,0.102284,2.378155,1.742304,1.618641,10.54
204,ASL-SR-DPT,0.682244,1.375461,1.019410,0.923415,15.29
204,OMP,0.000000,0.553335,0.001534,0.553333,23.20
204,LASSO-ADMM,0.084205,2.430651,1.768324,1.667662,10.35
205,ASL-SR-DPT,0.632142,1.414965,1.048034,0.950658,15.05
205,OMP,0.000000,0.693699,0.183832,0.668897,21.24
205,LASSO-ADMM,0.081516,2.366291,1.729428,1.615058,10.58
206,ASL-SR-DPT,0.648063,1.767330,1.264268,1.234942,13.12
206,OMP,0.000048,0.665612,0.181664,0.640341,21.60
206,LASSO-ADMM,0.091708,2.500384,1.827502,1.706505,10.10
207,ASL-SR-DPT,0.579897,1.623252,1.290371,0.984829,13.85
207,OMP,0.000030,0.297554,0.145951,0.259301,28.59
207,LASSO-ADMM,0.085941,2.511251,1.896598,1.645994,10.06
208,ASL-SR-DPT,0.782306,1.315430,0.969378,0.889193,15.68
208,OMP,0.000000,1.279356,0.233046,1.257951,15.92
208,LASSO-ADMM,0.096793,2.294741,1.657769,1.586707,10.85
209,ASL-SR-DPT,0.676150,1.414224,0.826225,1.147773,15.05
209,OMP,0.000019,0.899523,0.262512,0.860366,18.98
209,LASSO-ADMM,0.081988,1.728831,1.209593,1.235209,13.31
210,ASL-SR-DPT,0.685175,1.121518,0.692385,0.882273,17.07
210,OMP,0.000000,1.076561,0.416596,0.992688,17.42
210,LASSO-ADMM,0.088856,1.234347,0.835591,0.908515,16.23
211,ASL-SR-DPT,0.648265,0.935308,0.484179,0.800232,18.64
211,OMP,0.000000,1.437195,0.591283,1.309928,14.91
211,LASSO-ADMM,0.095877,1.142143,0.691231,0.909225,16.91
212,ASL-SR-DPT,0.673572,0.627239,0.263361,0.569271,22.11
212,OMP,0.000000,0.689988,0.012620,0.689873,21.28
212,LASSO-ADMM,0.071882,0.814056,0.536677,0.612098,19.85
213,ASL-SR-DPT,0.783412,0.749305,0.197360,0.722847,20.57
213,OMP,0.000000,0.767283,0.209070,0.738250,20.36
213,LASSO-ADMM,0.082178,1.146318,0.648580,0.945192,16.88
214,ASL-SR-DPT,0.731006,0.806331,0.315434,0.742072,19.93
214,OMP,0.000000,1.031243,0.401594,0.949834,17.79
214,LASSO-ADMM,0.094195,1.258286,0.719375,1.032368,16.07
215,ASL-SR-DPT,0.553114,0.688998,0.418838,0.547076,21.30
215,OMP,0.000000,0.699387,0.210286,0.667025,21.17
215,LASSO-ADMM,0.086005,1.025887,0.738676,0.711901,17.84
216,ASL-SR-DPT,0.537342,0.604385,0.177264,0.577805,22.44
216,OMP,0.000000,0.639854,0.079563,0.634888,21.94
216,LASSO-ADMM,0.081347,0.755088,0.459459,0.599213,20.50
217,ASL-SR-DPT,0.594864,0.445208,0.215540,0.389554,25.09
217,OMP,0.000000,0.714680,0.041945,0.713449,20.98
217,LASSO-ADMM,0.066183,0.792745,0.470008,0.638387,20.08
218,ASL-SR-DPT,0.538370,0.586732,0.064300,0.583198,22.69
218,OMP,0.000000,0.664481,0.059057,0.661851,21.61
218,LASSO-ADMM,0.086781,0.602099,0.347633,0.491605,22.47
219,ASL-SR-DPT,0.482849,0.551623,0.084063,0.545181,23.23
219,OMP,0.000000,0.667121,0.053116,0.665003,21.58
219,LASSO-ADMM,0.084996,0.698926,0.346458,0.607012,21.17
220,ASL-SR-DPT,0.655902,0.644560,0.177562,0.619620,21.88
220,OMP,0.000000,0.736497,0.124780,0.725849,20.72
220,LASSO-ADMM,0.079415,0.882054,0.436223,0.766635,19.15
221,ASL-SR-DPT,0.658536,0.704027,0.182484,0.679966,21.11
221,OMP,0.000000,1.018551,0.305159,0.971764,17.90
221,LASSO-ADMM,0.092587,0.970180,0.554878,0.795839,18.32
222,ASL-SR-DPT,0.624367,0.658650,0.146065,0.642250,21.69
222,OMP,0.000000,1.072874,0.375288,1.005096,17.45
222,LASSO-ADMM,0.084048,0.969631,0.446578,0.860669,18.33
223,ASL-SR-DPT,0.630130,0.638258,0.122739,0.626345,21.96
223,OMP,0.000013,1.188207,0.263312,1.158664,16.56
223,LASSO-ADMM,0.092509,0.982691,0.580734,0.792736,18.21
224,ASL-SR-DPT,0.643795,0.726854,0.247033,0.683587,20.83
224,OMP,0.000024,0.634265,0.100378,0.626272,22.02
224,LASSO-ADMM,0.077813,1.088305,0.638433,0.881369,17.33
225,ASL-SR-DPT,0.791033,1.468261,0.641454,1.320730,14.73
225,OMP,0.000000,0.854465,0.133600,0.843956,19.43
225,LASSO-ADMM,0.095128,1.707447,1.013132,1.374387,13.41
226,ASL-SR-DPT,0.917538,1.610986,0.836406,1.376845,13.92
226,OMP,0.000000,0.785818,0.349804,0.703667,20.16
226,LASSO-ADMM,0.089371,2.434264,1.536686,1.887919,10.33
227,ASL-SR-DPT,0.777299,1.941393,1.281631,1.458227,12.30
227,OMP,0.000033,0.643681,0.062658,0.640624,21.89
227,LASSO-ADMM,0.090265,2.372920,1.620208,1.733688,10.56
228,ASL-SR-DPT,0.619116,1.558077,1.159007,1.041300,14.21
228,OMP,0.000001,0.618136,0.104574,0.609226,22.24
228,LASSO-ADMM,0.082905,2.413093,1.758737,1.652229,10.41
229,ASL-SR-DPT,0.537726,1.032754,0.871325,0.554411,17.78
229,OMP,0.000000,0.569748,0.300402,0.484119,22.95
229,LASSO-ADMM,0.077046,2.541634,1.881612,1.708637,9.96
230,ASL-SR-DPT,0.611661,1.592685,1.175796,1.074313,14.02
230,OMP,0.000000,0.730365,0.037830,0.729385,20.79
230,LASSO-ADMM,0.078694,2.454255,1.830634,1.634670,10.26
231,ASL-SR-DPT,0.639908,1.420410,1.123666,0.868872,15.01
231,OMP,0.000000,0.540714,0.202555,0.501341,23.40
231,LASSO-ADMM,0.082829,2.483153,1.857074,1.648431,10.16
232,ASL-SR-DPT,0.694858,1.647919,1.286537,1.029786,13.72
232,OMP,0.000000,0.545960,0.101801,0.536385,23.32
232,LASSO-ADMM,0.079160,2.501701,1.850332,1.683681,10.10
233,ASL-SR-DPT,0.825414,1.625669,1.220130,1.074282,13.84
233,OMP,0.000000,0.878823,0.008847,0.878779,19.18
233,LASSO-ADMM,0.093880,2.410233,1.779542,1.625562,10.42
234,ASL-SR-DPT,0.744599,1.286305,0.697308,1.080899,15.87
234,OMP,0.000000,0.667730,0.350865,0.568117,21.57
234,LASSO-ADMM,0.093026,2.049226,1.429722,1.468067,11.83
235,ASL-SR-DPT,0.867510,1.507133,0.865947,1.233526,14.50
235,OMP,0.000000,1.107638,0.068492,1.105518,17.17
235,LASSO-ADMM,0.079479,1.712760,1.124901,1.291567,13.39
236,ASL-SR-DPT,0.784833,1.061208,0.518373,0.925987,17.55
236,OMP,0.000000,1.132249,0.303406,1.090840,16.98
236,LASSO-ADMM,0.083094,1.397355,0.889669,1.077539,15.16
237,ASL-SR-DPT,0.793433,0.930616,0.494187,0.788559,18.69
237,OMP,0.000025,0.977189,0.205415,0.955355,18.26
237,LASSO-ADMM,0.077790,1.694271,1.078115,1.306990,13.48
238,ASL-SR-DPT,0.632258,0.783141,0.343602,0.703738,20.19
238,OMP,0.000000,0.725138,0.295802,0.662062,20.85
238,LASSO-ADMM,0.085566,1.450532,0.880510,1.152713,14.83
239,ASL-SR-DPT,0.541182,0.734926,0.518056,0.521281,20.74
239,OMP,0.000000,0.763208,0.028334,0.762682,20.41
239,LASSO-ADMM,0.076842,1.618321,1.085376,1.200384,13.88
240,ASL-SR-DPT,0.495925,0.599999,0.277868,0.531779,22.50
240,OMP,0.000000,0.763930,0.031635,0.763274,20.40
240,LASSO-ADMM,0.079974,1.489188,0.921452,1.169875,14.60
241,ASL-SR-DPT,0.557885,0.718818,0.383558,0.607933,20.93
241,OMP,0.000034,0.675070,0.112498,0.665631,21.47
241,LASSO-ADMM,0.076813,1.585679,1.043237,1.194166,14.06
242,ASL-SR-DPT,0.646884,0.650446,0.484667,0.433794,21.80
242,OMP,0.000026,0.713443,0.089213,0.707843,20.99
242,LASSO-ADMM,0.088746,1.572323,1.106628,1.116949,14.13
243,ASL-SR-DPT,0.607244,0.972907,0.654914,0.719469,18.30
243,OMP,0.000039,0.858686,0.173580,0.840959,19.39
243,LASSO-ADMM,0.087422,2.027182,1.434667,1.432201,11.92
244,ASL-SR-DPT,0.729193,1.527088,1.070667,1.088886,14.38
244,OMP,0.000020,0.628601,0.006858,0.628564,22.09
244,LASSO-ADMM,0.083700,2.324026,1.655804,1.630769,10.74
245,ASL-SR-DPT,0.669538,1.573559,1.023584,1.195142,14.12
245,OMP,0.000000,0.597966,0.205230,0.561644,22.53
245,LASSO-ADMM,0.089568,2.364981,1.669222,1.675361,10.59
246,ASL-SR-DPT,0.543540,1.259323,0.853552,0.925929,16.06
246,OMP,0.000032,0.604753,0.036805,0.603632,22.43
246,LASSO-ADMM,0.080725,2.458611,1.757428,1.719365,10.25
247,ASL-SR-DPT,0.539622,1.342052,1.056878,0.827110,15.51
247,OMP,0.000045,0.536580,0.183168,0.504349,23.47
247,LASSO-ADMM,0.085929,2.512317,1.837606,1.713167,10.06
248,ASL-SR-DPT,0.591844,1.438644,1.218662,0.764564,14.90
248,OMP,0.000000,0.413209,0.177995,0.372906,25.74
248,LASSO-ADMM,0.087455,2.496378,1.882310,1.639760,10.12
249,ASL-SR-DPT,0.592042,1.436869,1.131186,0.886009,14.91
249,OMP,0.000000,0.440133,0.207639,0.388076,25.19
249,LASSO-ADMM,0.083282,2.450673,1.802249,1.660632,10.28
250,ASL-SR-DPT,0.611418,1.668805,1.179513,1.180534,13.61
250,OMP,0.000000,0.792853,0.102729,0.786170,20.08
250,LASSO-ADMM,0.093362,2.322371,1.701376,1.580736,10.74
251,ASL-SR-DPT,0.695659,1.320348,0.874590,0.989147,15.65
251,OMP,0.000000,0.766317,0.133371,0.754622,20.37
251,LASSO-ADMM,0.081807,2.239643,1.595396,1.571850,11.06
252,ASL-SR-DPT,0.640205,1.491137,0.958373,1.142371,14.59
252,OMP,0.000000,0.872081,0.084786,0.867950,19.25
252,LASSO-ADMM,0.081773,2.350533,1.617347,1.705637,10.64
253,ASL-SR-DPT,0.617212,1.191793,0.746010,0.929431,16.54
253,OMP,0.000000,0.771391,0.020993,0.771105,20.32
253,LASSO-ADMM,0.082744,2.287427,1.602638,1.632138,10.87
254,ASL-SR-DPT,0.570045,1.642431,1.163519,1.159225,13.75
254,OMP,0.000000,0.588881,0.122494,0.576000,22.66
254,LASSO-ADMM,0.086008,2.317261,1.653348,1.623619,10.76
255,ASL-SR-DPT,0.581617,1.554484,1.090262,1.108039,14.23
255,OMP,0.000000,0.678631,0.192632,0.650717,21.43
255,LASSO-ADMM,0.083813,2.383271,1.740010,1.628603,10.52
256,ASL-SR-DPT,0.601813,1.623898,1.160107,1.136309,13.85
256,OMP,0.000000,0.613241,0.041642,0.611826,22.31
256,LASSO-ADMM,0.080794,2.392933,1.715318,1.668476,10.48
257,ASL-SR-DPT,0.616590,1.776137,1.264111,1.247672,13.07
257,OMP,0.000000,0.869730,0.114456,0.862165,19.27
257,LASSO-ADMM,0.090047,2.275915,1.682895,1.532206,10.92
258,ASL-SR-DPT,0.855234,1.480820,0.861728,1.204265,14.65
258,OMP,0.000000,0.791156,0.225024,0.758480,20.10
258,LASSO-ADMM,0.095349,1.954874,1.448008,1.313319,12.24
259,ASL-SR-DPT,0.769284,1.656667,0.814644,1.442533,13.68
259,OMP,0.000000,1.032529,0.048170,1.031405,17.78
259,LASSO-ADMM,0.073524,1.995551,1.321781,1.495032,12.06
260,ASL-SR-DPT,0.564145,1.318037,0.890554,0.971666,15.66
260,OMP,0.000000,1.223160,0.004557,1.223152,16.31
260,LASSO-ADMM,0.078581,2.057692,1.465703,1.444234,11.79
261,ASL-SR-DPT,0.640748,1.226289,0.492557,1.123020,16.29
261,OMP,0.000000,0.792548,0.145289,0.779117,20.08
261,LASSO-ADMM,0.086782,1.839577,1.258823,1.341421,12.77
262,ASL-SR-DPT,0.713616,1.209960,0.595864,1.053067,16.41
262,OMP,0.000000,0.748877,0.168111,0.729763,20.57
262,LASSO-ADMM,0.096883,2.018882,1.361442,1.490758,11.96
263,ASL-SR-DPT,0.838884,1.546416,0.718821,1.369196,14.28
263,OMP,0.000000,1.296021,0.420903,1.225769,15.81
263,LASSO-ADMM,0.080496,2.064027,1.388901,1.526814,11.77
264,ASL-SR-DPT,0.931928,1.527369,0.799916,1.301150,14.38
264,OMP,0.000032,0.704858,0.002105,0.704855,21.10
264,LASSO-ADMM,0.085790,2.218077,1.452188,1.676609,11.14
265,ASL-SR-DPT,0.788386,1.459450,0.589233,1.335215,14.78
265,OMP,0.000000,1.214114,0.078203,1.211593,16.38
265,LASSO-ADMM,0.100979,1.819292,1.131381,1.424712,12.86
266,ASL-SR-DPT,1.129112,1.239757,0.293637,1.204481,16.20
266,OMP,0.000000,1.333215,0.393909,1.273694,15.56
266,LASSO-ADMM,0.086074,1.522061,0.909840,1.220189,14.41
267,ASL-SR-DPT,0.581732,1.128319,0.483316,1.019563,17.01
267,OMP,0.000000,0.999608,0.132454,0.990794,18.07
267,LASSO-ADMM,0.091926,1.370143,0.813775,1.102298,15.33
268,ASL-SR-DPT,0.697267,0.752864,0.203260,0.724907,20.53
268,OMP,0.000000,0.965432,0.251782,0.932022,18.37
268,LASSO-ADMM,0.080918,0.986620,0.492710,0.854785,18.18
269,ASL-SR-DPT,0.471520,0.646965,0.349082,0.544706,21.84
269,OMP,0.000000,0.759962,0.222055,0.726797,20.45
269,LASSO-ADMM,0.077384,1.108285,0.728525,0.835193,17.17
270,ASL-SR-DPT,0.410028,0.478910,0.116044,0.464638,24.46
270,OMP,0.000000,0.717417,0.100794,0.710302,20.95
270,LASSO-ADMM,0.082819,0.864306,0.473049,0.723359,19.33
271,ASL-SR-DPT,0.427829,0.588149,0.128856,0.573860,22.67
271,OMP,0.000000,0.680777,0.112250,0.671459,21.40
271,LASSO-ADMM,0.076242,0.868738,0.416248,0.762524,19.28
272,ASL-SR-DPT,0.541957,0.686312,0.316294,0.609083,21.33
272,OMP,0.000000,0.753581,0.066193,0.750668,20.52
272,LASSO-ADMM,0.076246,0.975502,0.590655,0.776357,18.28
273,ASL-SR-DPT,0.571684,0.682623,0.156508,0.664439,21.38
273,OMP,0.000031,1.062538,0.576226,0.892721,17.53
273,LASSO-ADMM,0.085255,0.966676,0.455936,0.852399,18.36
274,ASL-SR-DPT,0.619672,0.638611,0.174510,0.614304,21.96
274,OMP,0.000000,0.820418,0.214535,0.791871,19.78
274,LASSO-ADMM,0.076027,0.990069,0.621831,0.770431,18.15
275,ASL-SR-DPT,0.577711,0.605426,0.019540,0.605110,22.42
275,OMP,0.000000,0.887803,0.156226,0.873949,19.10
275,LASSO-ADMM,0.082087,0.901595,0.486518,0.759061,18.96
276,ASL-SR-DPT,0.515042,0.861078,0.462862,0.726095,19.36
276,OMP,0.000000,1.056510,0.030424,1.056072,17.58
276,LASSO-ADMM,0.094685,1.024108,0.674981,0.770194,17.85
277,ASL-SR-DPT,0.780388,0.568709,0.059310,0.565608,22.96
277,OMP,0.000000,0.859726,0.101270,0.853741,19.37
277,LASSO-ADMM,0.075664,0.871666,0.539289,0.684814,19.25
278,ASL-SR-DPT,0.698128,0.751155,0.092471,0.745442,20.55
278,OMP,0.000000,0.974861,0.152676,0.962831,18.28
278,LASSO-ADMM,0.077895,1.175096,0.690867,0.950555,16.66
279,ASL-SR-DPT,0.958486,1.151115,0.360733,1.093132,16.84
279,OMP,0.000000,1.914649,0.381309,1.876296,12.42
279,LASSO-ADMM,0.082253,1.636207,1.046916,1.257434,13.79
280,ASL-SR-DPT,0.835776,1.343086,0.481516,1.253803,15.50
280,OMP,0.000000,1.427939,0.345225,1.385579,14.97
280,LASSO-ADMM,0.102411,1.384020,0.765875,1.152799,15.24
281,ASL-SR-DPT,1.121190,1.442449,0.192190,1.429588,14.88
281,OMP,0.000000,1.179191,0.249966,1.152392,16.63
281,LASSO-ADMM,0.093173,1.511423,0.852068,1.248350,14.47
282,ASL-SR-DPT,1.072963,1.448036,0.282762,1.420160,14.85
282,OMP,0.000000,1.957829,0.392049,1.918174,12.23
282,LASSO-ADMM,0.081584,1.543307,0.777210,1.333320,14.29
283,ASL-SR-DPT,1.156565,1.483663,0.204083,1.469560,14.64
283,OMP,0.000000,1.852730,0.053516,1.851957,12.71
283,LASSO-ADMM,0.078766,1.258805,0.622065,1.094361,16.06
284,ASL-SR-DPT,0.991222,1.858529,0.894883,1.628900,12.68
284,OMP,0.000012,2.368727,0.677680,2.269717,10.57
284,LASSO-ADMM,0.088865,1.741934,1.070906,1.373862,13.24
285,ASL-SR-DPT,1.155803,1.604575,0.314510,1.573450,13.95
285,OMP,0.000000,1.939164,0.395544,1.898395,12.31
285,LASSO-ADMM,0.090064,1.663895,0.674567,1.521021,13.64
286,ASL-SR-DPT,1.045927,1.681831,0.152759,1.674879,13.55
286,OMP,0.000016,1.940299,0.189847,1.930989,12.30
286,LASSO-ADMM,0.110206,1.486671,0.503355,1.398866,14.62
287,ASL-SR-DPT,1.011352,1.559711,0.430527,1.499114,14.20
287,OMP,0.000000,1.292277,0.324677,1.250825,15.83
287,LASSO-ADMM,0.095986,1.426558,0.765045,1.204066,14.98
288,ASL-SR-DPT,1.168697,1.594996,0.247052,1.575747,14.01
288,OMP,0.000000,1.515971,0.382023,1.467047,14.45
288,LASSO-ADMM,0.100761,1.455683,0.685047,1.284415,14.80
289,ASL-SR-DPT,1.062778,1.565583,0.015351,1.565508,14.17
289,OMP,0.000000,2.384933,0.228087,2.374001,10.51
289,LASSO-ADMM,0.092405,1.329747,0.348634,1.283231,15.59
290,ASL-SR-DPT,1.031356,1.716974,0.132940,1.711820,13.37
290,OMP,0.000000,1.702405,0.097885,1.699589,13.44
290,LASSO-ADMM,0.101979,1.348196,0.378221,1.294056,15.47
291,ASL-SR-DPT,1.206411,1.640185,0.005839,1.640175,13.76
291,OMP,0.000000,2.012025,0.102178,2.009429,11.99
291,LASSO-ADMM,0.087861,1.304374,0.329320,1.262117,15.75
292,ASL-SR-DPT,0.916921,1.184299,0.368979,1.125353,16.59
292,OMP,0.000000,1.356893,0.344896,1.312329,15.41
292,LASSO-ADMM,0.093498,1.248884,0.659062,1.060824,16.13
293,ASL-SR-DPT,0.947444,1.428560,0.031661,1.428209,14.96
293,OMP,0.000000,1.502432,0.338129,1.463888,14.53
293,LASSO-ADMM,0.098742,1.126748,0.407693,1.050404,17.03
294,ASL-SR-DPT,0.901079,1.285189,0.353873,1.235510,15.88
294,OMP,0.000000,1.466118,0.509245,1.374835,14.74
294,LASSO-ADMM,0.091635,1.570073,0.936747,1.260013,14.14
295,ASL-SR-DPT,0.967111,1.310770,0.043012,1.310064,15.71
295,OMP,0.000000,1.360929,0.280998,1.331604,15.39
295,LASSO-ADMM,0.095655,1.384181,0.561739,1.265071,15.24
296,ASL-SR-DPT,1.150781,1.373920,0.237924,1.353162,15.30
296,OMP,0.000000,1.433007,0.188779,1.420518,14.94
296,LASSO-ADMM,0.087211,1.361009,0.676271,1.181102,15.38
297,ASL-SR-DPT,1.098836,1.325697,0.186139,1.312564,15.61
297,OMP,0.000000,1.367233,0.079821,1.364901,15.34
297,LASSO-ADMM,0.076301,1.454193,0.775176,1.230357,14.81
298,ASL-SR-DPT,0.970706,1.304988,0.125588,1.298931,15.75
298,OMP,0.000000,1.167092,0.277263,1.133679,16.72
298,LASSO-ADMM,0.091985,1.039009,0.401740,0.958199,17.73
299,ASL-SR-DPT,0.893763,1.223547,0.203973,1.206425,16.31
299,OMP,0.000000,1.391317,0.016738,1.391216,15.19
299,LASSO-ADMM,0.075794,0.867604,0.294066,0.816249,19.30
300,ASL-SR-DPT,0.736194,0.820677,0.203285,0.795102,19.78
300,OMP,0.000000,1.531540,0.309793,1.499881,14.36
300,LASSO-ADMM,0.082596,0.646851,0.030687,0.646123,21.85
301,ASL-SR-DPT,0.709672,0.904439,0.290605,0.856481,18.93
301,OMP,0.000000,0.800810,0.223658,0.768943,19.99
301,LASSO-ADMM,0.083394,0.649616,0.046772,0.647930,21.81
302,ASL-SR-DPT,0.833082,1.135549,0.221494,1.113738,16.96
302,OMP,0.000000,0.959036,0.148948,0.947399,18.43
302,LASSO-ADMM,0.081473,0.719168,0.201504,0.690362,20.93
303,ASL-SR-DPT,0.951775,1.240890,0.171154,1.229030,16.19
303,OMP,0.000000,1.205877,0.176226,1.192931,16.44
303,LASSO-ADMM,0.093448,1.156132,0.492640,1.045919,16.80
304,ASL-SR-DPT,0.986504,1.192400,0.133177,1.184939,16.53
304,OMP,0.000000,0.762306,0.064886,0.759539,20.42
304,LASSO-ADMM,0.081713,0.869553,0.342520,0.799251,19.28
305,ASL-SR-DPT,1.100725,1.324821,0.008117,1.324796,15.62
305,OMP,0.000000,1.062382,0.034096,1.061835,17.54
305,LASSO-ADMM,0.071812,1.038736,0.419215,0.950384,17.73
306,ASL-SR-DPT,0.938363,1.252960,0.035810,1.252448,16.10
306,OMP,0.000014,1.700158,0.305181,1.672543,13.45
306,LASSO-ADMM,0.092919,1.052779,0.391634,0.977224,17.62
307,ASL-SR-DPT,0.905059,1.168467,0.228478,1.145911,16.71
307,OMP,0.000000,1.627203,0.130531,1.621959,13.83
307,LASSO-ADMM,0.089653,1.189024,0.577220,1.039517,16.56
308,ASL-SR-DPT,0.939246,1.336971,0.601585,1.193979,15.54
308,OMP,0.000000,1.282794,0.186053,1.269230,15.90
308,LASSO-ADMM,0.071850,0.904759,0.161352,0.890255,18.93
309,ASL-SR-DPT,0.767849,0.994994,0.178547,0.978843,18.11
309,OMP,0.000000,1.052046,0.187851,1.035139,17.62
309,LASSO-ADMM,0.085917,0.719065,0.238455,0.678376,20.93
310,ASL-SR-DPT,0.622403,1.037791,0.182354,1.021645,17.74
310,OMP,0.000000,1.178245,0.052422,1.177078,16.64
310,LASSO-ADMM,0.093709,0.823427,0.082776,0.819256,19.75
311,ASL-SR-DPT,0.873172,1.013490,0.054493,1.012024,17.95
311,OMP,0.000000,1.165586,0.083286,1.162607,16.73
311,LASSO-ADMM,0.090830,0.777736,0.289331,0.721915,20.25
312,ASL-SR-DPT,0.899608,1.084521,0.158167,1.072925,17.36
312,OMP,0.000000,1.409790,0.216822,1.393017,15.08
312,LASSO-ADMM,0.080942,0.738788,0.136965,0.725981,20.69
313,ASL-SR-DPT,0.936647,1.066965,0.310154,1.020891,17.50
313,OMP,0.000000,0.882037,0.138802,0.871047,19.15
313,LASSO-ADMM,0.078185,1.069708,0.640732,0.856585,17.48
314,ASL-SR-DPT,0.908529,0.938237,0.182313,0.920354,18.62
314,OMP,0.000000,0.933909,0.068093,0.931423,18.66
314,LASSO-ADMM,0.078685,0.902677,0.379158,0.819185,18.95
315,ASL-SR-DPT,0.925392,0.861430,0.023231,0.861117,19.36
315,OMP,0.000000,1.095695,0.227109,1.071900,17.27
315,LASSO-ADMM,0.079295,1.050060,0.530538,0.906177,17.64
316,ASL-SR-DPT,0.681192,1.218286,0.709892,0.990088,16.35
316,OMP,0.000000,0.775085,0.045288,0.773761,20.27
316,LASSO-ADMM,0.070630,2.056171,1.409556,1.496994,11.80
317,ASL-SR-DPT,0.617044,1.115172,0.792640,0.784430,17.11
317,OMP,0.000019,0.753393,0.079110,0.749228,20.52
317,LASSO-ADMM,0.091415,1.819567,1.257957,1.314674,12.86
318,ASL-SR-DPT,0.794149,1.109378,0.422878,1.025618,17.16
318,OMP,0.000000,0.997477,0.015854,0.997351,18.08
318,LASSO-ADMM,0.076158,1.832919,1.172261,1.409041,12.80
319,ASL-SR-DPT,0.878149,1.620025,0.872772,1.364826,13.87
319,OMP,0.000000,1.419716,0.107779,1.415619,15.02
319,LASSO-ADMM,0.098522,2.110311,1.337025,1.632721,11.57
320,ASL-SR-DPT,1.005731,1.858616,0.882499,1.635741,12.68
320,OMP,0.000000,0.855889,0.011365,0.855813,19.41
320,LASSO-ADMM,0.084794,2.146338,1.401552,1.625551,11.43
321,ASL-SR-DPT,1.025750,1.902075,0.889673,1.681181,12.48
321,OMP,0.000000,1.321361,0.327128,1.280227,15.64
321,LASSO-ADMM,0.073674,2.055416,1.382786,1.520736,11.80
322,ASL-SR-DPT,0.546396,1.057885,0.584147,0.881982,17.57
322,OMP,0.000000,1.238976,0.005123,1.238966,16.20
322,LASSO-ADMM,0.091536,1.508279,1.006081,1.123703,14.49
323,ASL-SR-DPT,0.612606,1.092215,0.551194,0.942930,17.30
323,OMP,0.000000,0.903345,0.322467,0.843829,18.94
323,LASSO-ADMM,0.085745,1.307274,0.830405,1.009650,15.73
324,ASL-SR-DPT,0.756236,1.300849,0.355145,1.251432,15.78
324,OMP,0.000000,0.984686,0.109569,0.978571,18.20
324,LASSO-ADMM,0.075350,1.261807,0.731107,1.028416,16.04
325,ASL-SR-DPT,0.836236,1.104616,0.032384,1.104141,17.20
325,OMP,0.000000,1.475001,0.154136,1.466926,14.69
325,LASSO-ADMM,0.088113,1.240653,0.681591,1.036656,16.19
326,ASL-SR-DPT,0.816021,0.931404,0.010284,0.931348,18.68
326,OMP,0.000000,1.020927,0.003151,1.020922,17.88
326,LASSO-ADMM,0.080281,1.074371,0.625253,0.873689,17.44
327,ASL-SR-DPT,0.779247,1.105079,0.225732,1.081779,17.19
327,OMP,0.000000,1.364351,0.203567,1.349079,15.36
327,LASSO-ADMM,0.088431,1.431115,0.800726,1.186140,14.95
328,ASL-SR-DPT,0.981702,1.296398,0.421682,1.225901,15.81
328,OMP,0.000008,1.247073,0.442588,1.165893,16.14
328,LASSO-ADMM,0.087270,1.988068,1.190486,1.592218,12.09
329,ASL-SR-DPT,0.939425,1.940092,0.609225,1.841956,12.31
329,OMP,0.000000,1.947981,0.000329,1.947981,12.27
329,LASSO-ADMM,0.091040,2.171108,1.198934,1.810046,11.33
330,ASL-SR-DPT,0.982941,2.521299,1.464682,2.052233,10.03
330,OMP,0.000000,2.175701,0.092333,2.173741,11.31
330,LASSO-ADMM,0.085333,2.566566,1.686476,1.934699,9.87
331,ASL-SR-DPT,1.022226,1.958191,1.227516,1.525685,12.22
331,OMP,0.000000,0.942209,0.067198,0.939809,18.58
331,LASSO-ADMM,0.082846,2.899542,2.016960,2.083078,8.82
332,ASL-SR-DPT,0.795194,1.738603,1.324809,1.125887,13.26
332,OMP,0.000000,0.710086,0.184059,0.685817,21.04
332,LASSO-ADMM,0.092567,2.671977,1.963591,1.812118,9.53
333,ASL-SR-DPT,0.546668,1.592011,1.301652,0.916624,14.02
333,OMP,0.000021,0.504750,0.371267,0.341956,24.00
333,LASSO-ADMM,0.091800,2.506511,1.941397,1.585425,10.08
334,ASL-SR-DPT,0.568061,1.535712,1.242839,0.902088,14.34
334,OMP,0.000000,0.629881,0.305649,0.550752,22.08
334,LASSO-ADMM,0.076074,2.534106,1.921713,1.651882,9.99
335,ASL-SR-DPT,0.673282,1.670991,1.276836,1.077915,13.60
335,OMP,0.000052,0.337577,0.034101,0.335851,27.49
335,LASSO-ADMM,0.077432,2.533509,1.864666,1.715135,9.99
336,ASL-SR-DPT,0.578889,1.702219,1.259143,1.145474,13.44
336,OMP,0.000000,0.464429,0.067084,0.459558,24.72
336,LASSO-ADMM,0.084176,2.527477,1.867401,1.703219,10.01
337,ASL-SR-DPT,0.615244,1.772430,1.315165,1.188213,13.09
337,OMP,0.000000,0.398584,0.198960,0.345375,26.05
337,LASSO-ADMM,0.080300,2.565377,1.898621,1.725224,9.88
338,ASL-SR-DPT,0.606489,1.691965,1.326552,1.050241,13.49
338,OMP,0.000000,0.419614,0.233600,0.348579,25.60
338,LASSO-ADMM,0.075320,2.540575,1.918776,1.665179,9.96
339,ASL-SR-DPT,0.636983,1.543443,1.271683,0.874665,14.29
339,OMP,0.000000,0.326019,0.213055,0.246771,27.80
339,LASSO-ADMM,0.080916,2.517439,1.890858,1.661973,10.04
340,ASL-SR-DPT,0.542599,1.607956,1.279271,0.974160,13.94
340,OMP,0.000000,0.259791,0.150313,0.211890,29.77
340,LASSO-ADMM,0.090043,2.503732,1.861924,1.673892,10.09
341,ASL-SR-DPT,0.651650,1.646611,1.326931,0.974979,13.73
341,OMP,0.000000,0.441802,0.032478,0.440606,25.16
341,LASSO-ADMM,0.081436,2.491070,1.842621,1.676359,10.13
342,ASL-SR-DPT,0.580479,1.689704,1.268546,1.116194,13.51
342,OMP,0.000000,0.372153,0.134848,0.346863,26.65
342,LASSO-ADMM,0.089429,2.450320,1.782038,1.681787,10.28
343,ASL-SR-DPT,0.535314,1.449128,1.121714,0.917458,14.84
343,OMP,0.000032,0.330119,0.150769,0.293679,27.69
343,LASSO-ADMM,0.076868,2.456098,1.816792,1.652780,10.26
344,ASL-SR-DPT,0.618020,1.699369,1.269103,1.130147,13.46
344,OMP,0.000000,0.439892,0.117103,0.424018,25.19
344,LASSO-ADMM,0.077880,2.508362,1.842261,1.702338,10.07
345,ASL-SR-DPT,0.593264,1.525926,1.254943,0.868084,14.39
345,OMP,0.000000,0.420044,0.171566,0.383408,25.60
345,LASSO-ADMM,0.086064,2.502339,1.887878,1.642442,10.09
346,ASL-SR-DPT,0.576170,1.684357,1.285550,1.088310,13.53
346,OMP,0.000042,0.367494,0.140440,0.339601,26.76
346,LASSO-ADMM,0.078825,2.532510,1.894953,1.680107,9.99
347,ASL-SR-DPT,0.551983,1.647440,1.304150,1.006604,13.73
347,OMP,0.000035,0.365242,0.187536,0.313420,26.81
347,LASSO-ADMM,0.078503,2.553783,1.909692,1.695549,9.92
348,ASL-SR-DPT,0.612407,1.646700,1.301203,1.009204,13.73
348,OMP,0.000000,0.261184,0.111493,0.236191,29.72
348,LASSO-ADMM,0.084788,2.527506,1.897358,1.669826,10.01
349,ASL-SR-DPT,0.601490,1.691629,1.276987,1.109465,13.50
349,OMP,0.000005,0.365433,0.156121,0.330405,26.81
349,LASSO-ADMM,0.072700,2.541994,1.835828,1.758258,9.96
350,ASL-SR-DPT,0.513386,1.335560,1.078141,0.788247,15.55
350,OMP,0.000000,0.342876,0.131143,0.316805,27.36
350,LASSO-ADMM,0.083430,2.535630,1.904380,1.674144,9.98
351,ASL-SR-DPT,0.541699,1.788771,1.385878,1.130948,13.01
351,OMP,0.000000,0.410204,0.294746,0.285294,25.80
351,LASSO-ADMM,0.082690,2.529117,1.905827,1.662605,10.00
352,ASL-SR-DPT,0.552582,1.343959,1.052615,0.835600,15.49
352,OMP,0.000034,0.457038,0.205484,0.408240,24.86
352,LASSO-ADMM,0.085857,2.512339,1.861631,1.687062,10.06
353,ASL-SR-DPT,0.611922,1.644381,1.279281,1.033165,13.74
353,OMP,0.000008,0.492862,0.195367,0.452488,24.21
353,LASSO-ADMM,0.080040,2.538373,1.880956,1.704506,9.97
354,ASL-SR-DPT,0.643092,1.645069,1.336391,0.959329,13.74
354,OMP,0.000000,0.368441,0.137132,0.341970,26.73
354,LASSO-ADMM,0.076696,2.571200,1.899192,1.733245,9.86
355,ASL-SR-DPT,0.548743,1.580825,1.244306,0.975044,14.08
355,OMP,0.000000,0.407518,0.214961,0.346212,25.86
355,LASSO-ADMM,0.085339,2.528090,1.897846,1.670155,10.01
356,ASL-SR-DPT,0.587471,1.541489,1.229395,0.929933,14.30
356,OMP,0.000000,0.395908,0.265922,0.293307,26.11
356,LASSO-ADMM,0.075304,2.545540,1.918566,1.672985,9.95
357,ASL-SR-DPT,0.595043,1.627819,1.305261,0.972670,13.83
357,OMP,0.000010,0.338551,0.116561,0.317853,27.47
357,LASSO-ADMM,0.082048,2.526293,1.897443,1.667893,10.01
358,ASL-SR-DPT,0.629969,1.450815,1.130045,0.909869,14.83
358,OMP,0.000000,0.360347,0.023526,0.359578,26.93
358,LASSO-ADMM,0.076431,2.552779,1.870754,1.736940,9.92
359,ASL-SR-DPT,0.539080,1.675848,1.331033,1.018243,13.58
359,OMP,0.000000,0.678969,0.442030,0.515372,21.42
359,LASSO-ADMM,0.080715,2.536395,1.941835,1.631739,9.98
360,ASL-SR-DPT,0.568700,1.770982,1.384434,1.104409,13.10
360,OMP,0.000000,0.530326,0.339944,0.407042,23.57
360,LASSO-ADMM,0.089897,2.548272,1.940834,1.651318,9.94
361,ASL-SR-DPT,0.631833,1.576596,1.177080,1.048874,14.11
361,OMP,0.000049,0.615011,0.164108,0.592712,22.28
361,LASSO-ADMM,0.072688,2.363407,1.778369,1.556630,10.59
362,ASL-SR-DPT,0.696933,1.788903,1.322473,1.204673,13.01
362,OMP,0.000000,0.551402,0.275713,0.477521,23.23
362,LASSO-ADMM,0.074496,2.458778,1.766323,1.710467,10.25
363,ASL-SR-DPT,0.699303,1.494944,1.100560,1.011744,14.57
363,OMP,0.000032,0.620604,0.187816,0.591501,22.21
363,LASSO-ADMM,0.084074,2.335635,1.716608,1.583808,10.69
364,ASL-SR-DPT,0.686367,1.265819,0.907012,0.882965,16.01
364,OMP,0.000000,0.688778,0.226697,0.650402,21.30
364,LASSO-ADMM,0.089319,2.439817,1.802921,1.643833,10.31
365,ASL-SR-DPT,0.597577,1.536051,1.194232,0.966056,14.33
365,OMP,0.000007,0.369446,0.128931,0.346219,26.71
365,LASSO-ADMM,0.081527,2.514555,1.822488,1.732492,10.05
366,ASL-SR-DPT,0.791300,1.483033,1.143543,0.944297,14.64
366,OMP,0.000000,1.005534,0.210691,0.983213,18.01
366,LASSO-ADMM,0.084801,2.660720,1.952221,1.807834,9.56
367,ASL-SR-DPT,0.824970,1.612637,0.828136,1.383759,13.91
367,OMP,0.000007,1.083794,0.423239,0.997737,17.36
367,LASSO-ADMM,0.097451,1.858770,1.320168,1.308503,12.68
368,ASL-SR-DPT,0.774521,1.429856,0.967228,1.053070,14.96
368,OMP,0.000034,1.246438,0.154062,1.236880,16.15
368,LASSO-ADMM,0.092524,1.605671,1.134250,1.136511,13.95
369,ASL-SR-DPT,0.709012,1.044275,0.395261,0.966581,17.69
369,OMP,0.000000,0.839075,0.018071,0.838881,19.59
369,LASSO-ADMM,0.090296,1.082266,0.551249,0.931355,17.38
370,ASL-SR-DPT,0.801387,0.835882,0.001997,0.835879,19.62
370,OMP,0.000000,0.837294,0.234380,0.803821,19.60
370,LASSO-ADMM,0.078479,0.908279,0.394132,0.818309,18.90
371,ASL-SR-DPT,0.627245,0.736946,0.205205,0.707800,20.71
371,OMP,0.000000,1.056170,0.388615,0.982076,17.59
371,LASSO-ADMM,0.097909,1.013258,0.592297,0.822117,17.95
372,ASL-SR-DPT,0.681254,0.792608,0.231515,0.758043,20.08
372,OMP,0.000000,0.764684,0.070760,0.761403,20.39
372,LASSO-ADMM,0.079421,1.103571,0.649141,0.892460,17.21
373,ASL-SR-DPT,0.601779,0.594217,0.147839,0.575532,22.58
373,OMP,0.000000,0.709521,0.234668,0.669590,21.04
373,LASSO-ADMM,0.081725,1.028241,0.573361,0.853543,17.82
374,ASL-SR-DPT,0.527230,0.552635,0.075119,0.547506,23.21
374,OMP,0.000000,0.899645,0.122476,0.891269,18.98
374,LASSO-ADMM,0.081883,0.803879,0.494104,0.634099,19.96
375,ASL-SR-DPT,0.542879,0.453752,0.182793,0.415304,24.93
375,OMP,0.000000,0.605411,0.049678,0.603369,22.42
375,LASSO-ADMM,0.075469,0.760186,0.474785,0.593685,20.44
376,ASL-SR-DPT,0.465165,0.656060,0.002709,0.656054,21.72
376,OMP,0.000000,0.852602,0.196408,0.829671,19.45
376,LASSO-ADMM,0.086313,0.660582,0.346735,0.562266,21.66
377,ASL-SR-DPT,0.574291,0.672669,0.374426,0.558827,21.51
377,OMP,0.000000,0.966869,0.062281,0.964861,18.35
377,LASSO-ADMM,0.092538,0.891188,0.588127,0.669568,19.06
378,ASL-SR-DPT,0.647352,0.671517,0.018806,0.671253,21.52
378,OMP,0.000000,0.665058,0.224447,0.626039,21.60
378,LASSO-ADMM,0.071153,0.905703,0.422832,0.800944,18.92
379,ASL-SR-DPT,0.644188,0.821158,0.457529,0.681885,19.77
379,OMP,0.000000,1.274165,0.144541,1.265940,15.96
379,LASSO-ADMM,0.082657,1.105455,0.660756,0.886246,17.19
380,ASL-SR-DPT,0.504564,0.619731,0.183433,0.591962,22.22
380,OMP,0.000000,0.861430,0.339159,0.791854,19.36
380,LASSO-ADMM,0.091979,0.870048,0.549095,0.674892,19.27
381,ASL-SR-DPT,0.566894,0.632267,0.268412,0.572465,22.04
381,OMP,0.000000,0.828033,0.168507,0.810706,19.70
381,LASSO-ADMM,0.086607,1.072037,0.637756,0.861703,17.46
382,ASL-SR-DPT,0.435296,0.661357,0.215755,0.625174,21.65
382,OMP,0.000000,0.847703,0.171083,0.830260,19.50
382,LASSO-ADMM,0.090118,1.017478,0.609442,0.814764,17.91
383,ASL-SR-DPT,0.846729,1.358735,0.776420,1.115048,15.40
383,OMP,0.000000,0.960349,0.124477,0.952248,18.41
383,LASSO-ADMM,0.079844,1.884273,1.260676,1.400421,12.56
384,ASL-SR-DPT,0.742710,1.873596,1.064226,1.542007,12.61
384,OMP,0.000035,0.689951,0.017085,0.689740,21.29
384,LASSO-ADMM,0.089217,2.362789,1.478367,1.843151,10.59
385,ASL-SR-DPT,0.956433,1.623998,1.052524,1.236755,13.85
385,OMP,0.000041,0.755243,0.052755,0.753398,20.50
385,LASSO-ADMM,0.098036,2.529749,1.735524,1.840540,10.00
386,ASL-SR-DPT,0.636538,1.154426,0.851672,0.779330,16.81
386,OMP,0.000000,0.608871,0.045116,0.607197,22.37
386,LASSO-ADMM,0.087354,2.437614,1.680712,1.765550,10.32
387,ASL-SR-DPT,0.543851,1.234112,1.068395,0.617708,16.23
387,OMP,0.000000,0.618510,0.168289,0.595175,22.23
387,LASSO-ADMM,0.086094,2.410468,1.851280,1.543735,10.42
388,ASL-SR-DPT,0.625563,1.662907,1.361718,0.954455,13.64
388,OMP,0.000000,0.860039,0.434389,0.742276,19.37
388,LASSO-ADMM,0.083283,2.563730,1.909268,1.710967,9.88
389,ASL-SR-DPT,0.683912,1.588358,1.192093,1.049664,14.04
389,OMP,0.000000,0.741392,0.085053,0.736497,20.66
389,LASSO-ADMM,0.088855,2.488305,1.836751,1.678692,10.14
390,ASL-SR-DPT,0.641057,1.503509,1.091535,1.033968,14.52
390,OMP,0.000000,0.606437,0.031074,0.605640,22.41
390,LASSO-ADMM,0.089065,2.517052,1.814400,1.744564,10.04
391,ASL-SR-DPT,0.967730,1.780782,1.275846,1.242337,13.05
391,OMP,0.000000,1.498425,0.484418,1.417963,14.55
391,LASSO-ADMM,0.100130,2.247299,1.637368,1.539279,11.03
392,ASL-SR-DPT,0.746232,1.539779,0.870922,1.269809,14.31
392,OMP,0.000000,1.449150,0.193727,1.436143,14.84
392,LASSO-ADMM,0.091789,2.014052,1.379678,1.467274,11.98
393,ASL-SR-DPT,0.794189,1.461066,0.581225,1.340481,14.77
393,OMP,0.000000,0.744924,0.021123,0.744625,20.62
393,LASSO-ADMM,0.083008,1.798388,0.978665,1.508780,12.96
394,ASL-SR-DPT,0.879598,0.938329,0.125985,0.929832,18.61
394,OMP,0.000000,1.013788,0.115711,1.007162,17.94
394,LASSO-ADMM,0.070995,1.375474,0.775845,1.135779,15.29
395,ASL-SR-DPT,0.634825,1.298906,0.672252,1.111411,15.79
395,OMP,0.000000,0.818836,0.154230,0.804180,19.80
395,LASSO-ADMM,0.088971,1.562113,1.002298,1.198164,14.19
396,ASL-SR-DPT,0.634965,0.815628,0.373453,0.725108,19.83
396,OMP,0.000000,0.795941,0.024936,0.795551,20.04
396,LASSO-ADMM,0.080366,1.384307,0.861459,1.083603,15.24
397,ASL-SR-DPT,0.531543,0.649881,0.124719,0.637801,21.81
397,OMP,0.000019,0.801711,0.121711,0.792418,19.98
397,LASSO-ADMM,0.080923,1.528054,0.975439,1.176209,14.38
398,ASL-SR-DPT,0.533308,0.803472,0.529436,0.604372,19.96
398,OMP,0.000030,0.706265,0.071174,0.702669,21.08
398,LASSO-ADMM,0.088705,1.691835,1.134571,1.255011,13.49
399,ASL-SR-DPT,0.663626,0.670415,0.382514,0.550582,21.53
399,OMP,0.000000,0.662933,0.061208,0.660101,21.63
399,LASSO-ADMM,0.077745,1.686119,1.138362,1.243836,13.52
400,ASL-SR-DPT,0.550306,0.919071,0.630334,0.668858,18.79
400,OMP,0.000034,0.757142,0.061986,0.754601,20.48
400,LASSO-ADMM,0.076918,1.644108,1.085801,1.234555,13.74
401,ASL-SR-DPT,0.509157,1.031051,0.707430,0.750073,17.80
401,OMP,0.000000,0.780368,0.127211,0.769930,20.22
401,LASSO-ADMM,0.085152,1.854506,1.315973,1.306678,12.70
402,ASL-SR-DPT,0.564343,1.214020,0.749517,0.955023,16.38
402,OMP,0.000000,0.584997,0.051217,0.582751,22.72
402,LASSO-ADMM,0.082746,2.014305,1.343381,1.500917,11.98
403,ASL-SR-DPT,0.708007,1.193120,0.749405,0.928400,16.53
403,OMP,0.000000,0.532737,0.030685,0.531853,23.53
403,LASSO-ADMM,0.076549,2.325993,1.596532,1.691547,10.73
404,ASL-SR-DPT,0.630649,1.595941,1.175444,1.079517,14.00
404,OMP,0.000000,0.896061,0.219295,0.868813,19.02
404,LASSO-ADMM,0.086233,2.439463,1.776839,1.671473,10.32
405,ASL-SR-DPT,0.539620,1.428535,1.139652,0.861340,14.96
405,OMP,0.000000,0.606230,0.302166,0.525558,22.41
405,LASSO-ADMM,0.084740,2.607777,1.924166,1.760138,9.74
406,ASL-SR-DPT,0.612018,1.549709,1.243698,0.924560,14.26
406,OMP,0.000000,0.423043,0.151141,0.395122,25.53
406,LASSO-ADMM,0.079441,2.537572,1.881081,1.703176,9.97
407,ASL-SR-DPT,0.632896,1.297437,1.074026,0.727880,15.80
407,OMP,0.000044,0.463429,0.137191,0.442657,24.74
407,LASSO-ADMM,0.071633,2.514912,1.853547,1.699749,10.05
408,ASL-SR-DPT,0.558470,1.827829,1.302594,1.282266,12.82
408,OMP,0.000000,0.520239,0.033569,0.519155,23.74
408,LASSO-ADMM,0.095740,2.328150,1.673240,1.618811,10.72
409,ASL-SR-DPT,0.621977,1.463349,0.924739,1.134129,14.75
409,OMP,0.000048,0.744700,0.000479,0.744699,20.62
409,LASSO-ADMM,0.085751,2.304234,1.645111,1.613414,10.81
410,ASL-SR-DPT,0.650138,1.626624,0.833146,1.397059,13.84
410,OMP,0.000000,0.724557,0.049314,0.722877,20.86
410,LASSO-ADMM,0.082961,2.222090,1.456510,1.678173,11.13
411,ASL-SR-DPT,0.649737,1.554218,1.040988,1.154096,14.23
411,OMP,0.000000,0.871524,0.156462,0.857364,19.26
411,LASSO-ADMM,0.081678,2.231790,1.546792,1.608826,11.09
412,ASL-SR-DPT,0.566860,1.378584,0.926862,1.020501,15.27
412,OMP,0.000000,0.811048,0.326927,0.742238,19.88
412,LASSO-ADMM,0.102089,2.324556,1.633365,1.653989,10.74
413,ASL-SR-DPT,0.637646,1.301171,0.897247,0.942335,15.78
413,OMP,0.000000,0.961516,0.343029,0.898245,18.40
413,LASSO-ADMM,0.099194,2.302045,1.604890,1.650375,10.82
414,ASL-SR-DPT,0.644549,1.426477,0.961542,1.053696,14.98
414,OMP,0.000000,0.467016,0.034572,0.465735,24.68
414,LASSO-ADMM,0.090982,2.190268,1.544975,1.552522,11.25
415,ASL-SR-DPT,0.844801,1.584262,0.933857,1.279764,14.07
415,OMP,0.000000,1.569911,0.154997,1.562241,14.14
415,LASSO-ADMM,0.078114,2.045314,1.470884,1.421201,11.85
416,ASL-SR-DPT,0.646270,1.352244,0.907920,1.002120,15.44
416,OMP,0.000000,0.787711,0.296364,0.729833,20.13
416,LASSO-ADMM,0.075955,1.686837,1.214290,1.170863,13.52
417,ASL-SR-DPT,0.760672,1.091262,0.473826,0.983026,17.30
417,OMP,0.000000,1.228185,0.126876,1.221614,16.28
417,LASSO-ADMM,0.075425,1.773474,1.168719,1.333907,13.09
418,ASL-SR-DPT,0.680152,1.278063,0.309404,1.240047,15.93
418,OMP,0.000000,1.186764,0.041959,1.186022,16.57
418,LASSO-ADMM,0.072607,1.530572,0.970752,1.183339,14.36
419,ASL-SR-DPT,0.627912,1.104114,0.634053,0.903904,17.20
419,OMP,0.000000,0.773044,0.078075,0.769092,20.30
419,LASSO-ADMM,0.085501,1.784740,1.193826,1.326678,13.03
420,ASL-SR-DPT,0.639108,0.998180,0.316759,0.946587,18.08
420,OMP,0.000000,0.964365,0.226784,0.937320,18.38
420,LASSO-ADMM,0.073750,1.603344,0.996223,1.256285,13.96
421,ASL-SR-DPT,0.797469,1.218131,0.506394,1.107884,16.35
421,OMP,0.000000,1.037894,0.092079,1.033801,17.74
421,LASSO-ADMM,0.076794,1.940772,1.257576,1.478208,12.30
422,ASL-SR-DPT,0.774168,1.307656,0.554131,1.184442,15.73
422,OMP,0.000000,0.876666,0.417693,0.770764,19.21
422,LASSO-ADMM,0.083976,1.819891,1.071312,1.471154,12.86
423,ASL-SR-DPT,0.863896,1.448104,0.459595,1.373236,14.85
423,OMP,0.000040,0.999257,0.259099,0.965082,18.07
423,LASSO-ADMM,0.083670,1.737914,1.036306,1.395139,13.26
424,ASL-SR-DPT,0.715165,1.221084,0.493540,1.116900,16.33
424,OMP,0.000000,1.313013,0.388863,1.254109,15.70
424,LASSO-ADMM,0.094558,1.465223,0.861967,1.184860,14.74
425,ASL-SR-DPT,0.758573,1.110198,0.480266,1.000942,17.15
425,OMP,0.000000,1.140755,0.184247,1.125777,16.92
425,LASSO-ADMM,0.095006,1.266649,0.753115,1.018439,16.01
426,ASL-SR-DPT,0.609123,0.654374,0.180672,0.628938,21.75
426,OMP,0.000000,0.776408,0.141731,0.763362,20.26
426,LASSO-ADMM,0.075170,1.040295,0.688113,0.780201,17.72
427,ASL-SR-DPT,0.454830,0.691485,0.326655,0.609465,21.27
427,OMP,0.000000,0.644055,0.106576,0.635176,21.88
427,LASSO-ADMM,0.081494,1.048174,0.644215,0.826834,17.65
428,ASL-SR-DPT,0.502411,0.536421,0.125036,0.521645,23.47
428,OMP,0.000000,0.536165,0.029220,0.535368,23.48
428,LASSO-ADMM,0.085339,1.019076,0.699344,0.741239,17.90
429,ASL-SR-DPT,0.508964,0.609210,0.164399,0.586608,22.37
429,OMP,0.000009,0.936576,0.154003,0.923828,18.63
429,LASSO-ADMM,0.083290,0.998902,0.646423,0.761539,18.07
430,ASL-SR-DPT,0.562531,0.574029,0.190860,0.541371,22.88
430,OMP,0.000033,0.794749,0.167098,0.776984,20.06
430,LASSO-ADMM,0.087973,0.914190,0.595637,0.693513,18.84
431,ASL-SR-DPT,0.639128,0.586250,0.032864,0.585328,22.70
431,OMP,0.000000,1.027132,0.212120,1.004990,17.83
431,LASSO-ADMM,0.087062,0.829236,0.456631,0.692185,19.69
432,ASL-SR-DPT,0.560779,0.565396,0.051477,0.563048,23.01
432,OMP,0.000000,0.875234,0.032963,0.874613,19.22
432,LASSO-ADMM,0.087731,0.830177,0.384685,0.735671,19.68
433,ASL-SR-DPT,0.590119,0.574683,0.128245,0.560191,22.87
433,OMP,0.000000,0.593748,0.060353,0.590672,22.59
433,LASSO-ADMM,0.086824,0.804702,0.416140,0.688747,19.95
434,ASL-SR-DPT,0.598024,0.554033,0.037265,0.552778,23.19
434,OMP,0.000023,0.893594,0.070923,0.890775,19.04
434,LASSO-ADMM,0.086642,1.174663,0.730184,0.920144,16.66
435,ASL-SR-DPT,0.456493,0.506131,0.107513,0.494580,23.98
435,OMP,0.000007,0.620221,0.080029,0.615036,22.21
435,LASSO-ADMM,0.079102,0.866249,0.524183,0.689652,19.31
436,ASL-SR-DPT,0.506995,1.072158,0.309880,1.026400,17.46
436,OMP,0.000000,1.220612,0.046686,1.219719,16.33
436,LASSO-ADMM,0.084804,1.144603,0.553600,1.001820,16.89
437,ASL-SR-DPT,0.848373,1.267611,0.528969,1.151968,16.00
437,OMP,0.000000,1.281536,0.320950,1.240696,15.91
437,LASSO-ADMM,0.082002,1.237778,0.752920,0.982448,16.21
438,ASL-SR-DPT,1.234400,1.481685,0.526739,1.384896,14.65
438,OMP,0.000000,1.826548,0.479776,1.762411,12.83
438,LASSO-ADMM,0.096211,1.550479,0.927511,1.242460,14.25
439,ASL-SR-DPT,1.096064,1.753248,0.022216,1.753107,13.18
439,OMP,0.000000,1.651896,0.239854,1.634390,13.70
439,LASSO-ADMM,0.092062,1.234048,0.499009,1.128656,16.24
440,ASL-SR-DPT,0.818314,1.709508,0.470694,1.643431,13.40
440,OMP,0.000000,1.739087,0.536510,1.654261,13.26
440,LASSO-ADMM,0.096276,1.567808,0.797727,1.349686,14.16
441,ASL-SR-DPT,0.843262,1.752842,0.317584,1.723832,13.19
441,OMP,0.000000,1.762150,0.027922,1.761928,13.14
441,LASSO-ADMM,0.107327,1.724556,0.711784,1.570814,13.33
442,ASL-SR-DPT,1.255573,1.740500,0.422950,1.688329,13.25
442,OMP,0.000023,2.349235,0.252188,2.335660,10.64
442,LASSO-ADMM,0.101699,1.364197,0.721351,1.157880,15.36
443,ASL-SR-DPT,1.094323,1.619855,0.435255,1.560283,13.87
443,OMP,0.000000,2.977917,1.094484,2.769493,8.58
443,LASSO-ADMM,0.101283,1.713569,0.893680,1.462072,13.38
444,ASL-SR-DPT,1.032308,1.587744,0.153682,1.580288,14.05
444,OMP,0.000000,1.660485,0.679055,1.515287,13.66
444,LASSO-ADMM,0.082885,1.374403,0.527300,1.269228,15.30
445,ASL-SR-DPT,0.926832,1.437940,0.149530,1.430144,14.91
445,OMP,0.000000,2.045386,0.284365,2.025523,11.85
445,LASSO-ADMM,0.105082,0.991579,0.448064,0.884572,18.14
446,ASL-SR-DPT,1.088781,1.177138,0.112731,1.171728,16.65
446,OMP,0.000000,1.153990,0.015549,1.153885,16.82
446,LASSO-ADMM,0.076698,0.883121,0.260123,0.843942,19.14
447,ASL-SR-DPT,1.038778,1.306078,0.069189,1.304244,15.74
447,OMP,0.000000,1.443514,0.175494,1.432807,14.87
447,LASSO-ADMM,0.100050,1.041900,0.532948,0.895278,17.71
448,ASL-SR-DPT,1.408620,1.302853,0.136050,1.295730,15.76
448,OMP,0.000000,1.610471,0.331766,1.575927,13.92
448,LASSO-ADMM,0.080310,1.457090,0.752264,1.247883,14.79
449,ASL-SR-DPT,0.966720,1.352052,0.133361,1.345459,15.44
449,OMP,0.000000,1.338150,0.513046,1.235893,15.53
449,LASSO-ADMM,0.083522,1.068358,0.375121,1.000337,17.49
450,ASL-SR-DPT,1.259486,1.422245,0.285697,1.393255,15.00
450,OMP,0.000003,1.532157,0.589385,1.414260,14.36
450,LASSO-ADMM,0.078672,1.118418,0.473926,1.013042,17.09
451,ASL-SR-DPT,1.298987,1.415548,0.440028,1.345419,15.04
451,OMP,0.000000,1.955569,0.309754,1.930882,12.24
451,LASSO-ADMM,0.090681,1.108322,0.596107,0.934363,17.17
452,ASL-SR-DPT,1.092302,1.295043,0.027564,1.294750,15.82
452,OMP,0.000000,1.368022,0.489325,1.277516,15.34
452,LASSO-ADMM,0.073047,1.090503,0.486968,0.975736,17.31
453,ASL-SR-DPT,0.939720,1.205240,0.175741,1.192359,16.44
453,OMP,0.000000,1.077015,0.160791,1.064945,17.42
453,LASSO-ADMM,0.076765,1.005463,0.472591,0.887476,18.01
454,ASL-SR-DPT,1.047139,1.401850,0.212533,1.385646,15.13
454,OMP,0.000000,1.668889,0.310944,1.639666,13.61
454,LASSO-ADMM,0.088711,1.305747,0.567194,1.176124,15.74
455,ASL-SR-DPT,0.928594,1.251393,0.045890,1.250551,16.11
455,OMP,0.000000,1.792886,0.194530,1.782301,12.99
455,LASSO-ADMM,0.095279,1.107018,0.530921,0.971396,17.18
456,ASL-SR-DPT,1.085358,1.516746,0.540139,1.417310,14.44
456,OMP,0.000000,1.059269,0.362718,0.995232,17.56
456,LASSO-ADMM,0.087535,1.354715,0.805906,1.088930,15.42
457,ASL-SR-DPT,0.997755,1.414065,0.656460,1.252453,15.05
457,OMP,0.000000,1.186872,0.353420,1.133031,16.57
457,LASSO-ADMM,0.083252,0.755385,0.051424,0.753632,20.50
458,ASL-SR-DPT,0.625534,0.810841,0.008035,0.810801,19.88
458,OMP,0.000000,0.997897,0.000250,0.997897,18.08
458,LASSO-ADMM,0.082126,0.758220,0.284443,0.702843,20.47
459,ASL-SR-DPT,0.586438,0.716009,0.184459,0.691841,20.96
459,OMP,0.000000,1.030916,0.151072,1.019787,17.80
459,LASSO-ADMM,0.087750,0.638318,0.060884,0.635407,21.96
460,ASL-SR-DPT,0.487091,0.697780,0.183564,0.673202,21.19
460,OMP,0.000000,0.656763,0.005513,0.656740,21.71
460,LASSO-ADMM,0.088990,0.842159,0.358659,0.761968,19.55
461,ASL-SR-DPT,0.667249,0.732531,0.132761,0.720400,20.77
461,OMP,0.000000,1.090044,0.117131,1.083733,17.31
461,LASSO-ADMM,0.080675,0.561648,0.135237,0.545123,23.07
462,ASL-SR-DPT,0.566770,0.805651,0.202653,0.779747,19.94
462,OMP,0.000000,0.929942,0.113380,0.923004,18.69
462,LASSO-ADMM,0.096126,0.713015,0.285152,0.653513,21.00
463,ASL-SR-DPT,0.896304,1.187903,0.331047,1.140842,16.57
463,OMP,0.000000,1.363629,0.129205,1.357495,15.37
463,LASSO-ADMM,0.091782,1.052064,0.521541,0.913692,17.62
464,ASL-SR-DPT,0.901147,1.156033,0.490626,1.046756,16.80
464,OMP,0.000000,1.153421,0.064494,1.151617,16.82
464,LASSO-ADMM,0.081562,0.624233,0.042303,0.622798,22.15
465,ASL-SR-DPT,1.126954,1.146762,0.292918,1.108721,16.87
465,OMP,0.000000,0.961638,0.249555,0.928692,18.40
465,LASSO-ADMM,0.072865,0.836166,0.442108,0.709728,19.62
466,ASL-SR-DPT,0.799253,1.103573,0.163362,1.091415,17.21
466,OMP,0.000000,1.195135,0.080396,1.192428,16.51
466,LASSO-ADMM,0.080239,0.911402,0.257121,0.874381,18.87
467,ASL-SR-DPT,0.551640,0.885177,0.110803,0.878214,19.12
467,OMP,0.000000,1.481716,0.544201,1.378161,14.65
467,LASSO-ADMM,0.081010,0.863346,0.468369,0.725256,19.34
468,ASL-SR-DPT,0.640979,0.943544,0.086080,0.939609,18.57
468,OMP,0.000000,1.172861,0.059085,1.171372,16.68
468,LASSO-ADMM,0.090190,0.897953,0.234007,0.866926,19.00
469,ASL-SR-DPT,0.838378,1.050046,0.049919,1.048858,17.64
469,OMP,0.000000,0.849083,0.130860,0.838939,19.48
469,LASSO-ADMM,0.070957,0.883409,0.312487,0.826295,19.14
470,ASL-SR-DPT,0.941856,1.112251,0.181713,1.097307,17.14
470,OMP,0.000000,1.252219,0.138091,1.244581,16.11
470,LASSO-ADMM,0.079265,1.082139,0.529033,0.944007,17.38
471,ASL-SR-DPT,0.854627,1.066870,0.096553,1.062492,17.50
471,OMP,0.000000,0.943004,0.123958,0.934821,18.57
471,LASSO-ADMM,0.082726,1.091385,0.571034,0.930076,17.30
472,ASL-SR-DPT,0.904453,1.015377,0.046438,1.014314,17.93
472,OMP,0.000000,1.181030,0.310118,1.139588,16.62
472,LASSO-ADMM,0.079772,0.670987,0.197485,0.641267,21.53
473,ASL-SR-DPT,0.832045,0.994395,0.096344,0.989717,18.11
473,OMP,0.000000,1.286669,0.142342,1.278771,15.87
473,LASSO-ADMM,0.068421,0.636036,0.092330,0.629299,21.99
474,ASL-SR-DPT,0.658877,1.067241,0.587848,0.890752,17.50
474,OMP,0.000000,0.936959,0.117123,0.929610,18.63
474,LASSO-ADMM,0.080869,1.649118,1.123188,1.207493,13.72
475,ASL-SR-DPT,0.673868,1.191420,0.598140,1.030393,16.54
475,OMP,0.000000,1.014553,0.149646,1.003456,17.94
475,LASSO-ADMM,0.083789,1.646919,1.119654,1.207774,13.73
476,ASL-SR-DPT,0.684879,0.883426,0.174900,0.865939,19.14
476,OMP,0.000034,0.995156,0.296096,0.950085,18.10
476,LASSO-ADMM,0.091905,1.625038,0.950156,1.318314,13.84
477,ASL-SR-DPT,0.946465,1.183068,0.494011,1.074990,16.60
477,OMP,0.000000,1.297072,0.058370,1.295758,15.80
477,LASSO-ADMM,0.099934,1.920932,1.287454,1.425637,12.39
478,ASL-SR-DPT,0.902435,1.605248,0.717059,1.436191,13.95
478,OMP,0.000000,1.140003,0.053125,1.138765,16.92
478,LASSO-ADMM,0.077688,1.989455,1.125506,1.640478,12.09
479,ASL-SR-DPT,0.836435,1.359400,0.409756,1.296175,15.39
479,OMP,0.000000,1.143718,0.345279,1.090354,16.90
479,LASSO-ADMM,0.087415,1.473893,0.880455,1.182015,14.69
480,ASL-SR-DPT,0.749471,1.069331,0.232046,1.043851,17.48
480,OMP,0.000018,1.512191,0.239218,1.493150,14.47
480,LASSO-ADMM,0.087004,1.210214,0.783740,0.922154,16.40
481,ASL-SR-DPT,0.713120,0.996627,0.237662,0.967875,18.09
481,OMP,0.000000,1.272002,0.343015,1.224879,15.97
481,LASSO-ADMM,0.091512,1.099601,0.709881,0.839757,17.24
482,ASL-SR-DPT,0.999105,1.053996,0.076502,1.051216,17.61
482,OMP,0.000000,1.282361,0.227188,1.262076,15.90
482,LASSO-ADMM,0.095629,1.095066,0.525290,0.960853,17.27
483,ASL-SR-DPT,0.881281,1.090014,0.170947,1.076525,17.31
483,OMP,0.000000,1.262068,0.280185,1.230574,16.04
483,LASSO-ADMM,0.086410,1.045773,0.453258,0.942443,17.67
484,ASL-SR-DPT,0.873068,1.193299,0.002123,1.193297,16.53
484,OMP,0.000000,0.891509,0.116089,0.883918,19.06
484,LASSO-ADMM,0.093366,1.192946,0.534603,1.066452,16.53
485,ASL-SR-DPT,0.969659,1.492981,0.093773,1.490034,14.58
485,OMP,0.000000,1.511844,0.426360,1.450480,14.47
485,LASSO-ADMM,0.078287,1.976713,1.073629,1.659733,12.14
486,ASL-SR-DPT,1.229295,2.005914,0.714021,1.874530,12.02
486,OMP,0.000000,1.784044,0.021528,1.783915,13.03
486,LASSO-ADMM,0.087479,2.356400,1.385307,1.906186,10.62
487,ASL-SR-DPT,1.263682,2.010224,0.974391,1.758284,12.00
487,OMP,0.000000,1.361828,0.453761,1.284007,15.38
487,LASSO-ADMM,0.085329,2.871923,1.855125,2.192362,8.90
488,ASL-SR-DPT,1.029134,2.258156,1.452758,1.728804,10.99
488,OMP,0.000000,1.411408,0.342164,1.369305,15.07
488,LASSO-ADMM,0.087367,2.800976,1.959939,2.001026,9.12
489,ASL-SR-DPT,0.822693,1.744499,1.197606,1.268471,13.23
489,OMP,0.000000,1.037338,0.205977,1.016682,17.74
489,LASSO-ADMM,0.073934,2.732262,1.966569,1.896803,9.33
490,ASL-SR-DPT,0.690400,1.675385,1.259589,1.104695,13.58
490,OMP,0.000000,1.130641,0.602578,0.956686,17.00
490,LASSO-ADMM,0.087705,2.652632,1.987240,1.757081,9.59
491,ASL-SR-DPT,0.613196,1.329841,1.123282,0.711839,15.59
491,OMP,0.000000,0.485689,0.253018,0.414579,24.33
491,LASSO-ADMM,0.075154,2.531130,1.886381,1.687657,10.00
492,ASL-SR-DPT,0.582660,1.549303,1.210288,0.967235,14.26
492,OMP,0.000000,0.286771,0.062338,0.279913,28.91
492,LASSO-ADMM,0.084271,2.512598,1.864248,1.684557,10.06
493,ASL-SR-DPT,0.569943,1.680074,1.270569,1.099228,13.56
493,OMP,0.000017,0.411962,0.077235,0.404658,25.76
493,LASSO-ADMM,0.074128,2.534537,1.879233,1.700694,9.98
494,ASL-SR-DPT,0.641937,1.661151,1.275553,1.064137,13.65
494,OMP,0.000000,0.409311,0.170391,0.372159,25.82
494,LASSO-ADMM,0.081915,2.566729,1.870354,1.757804,9.87
495,ASL-SR-DPT,0.643703,1.612430,1.254861,1.012549,13.91
495,OMP,0.000024,0.525798,0.235705,0.470007,23.65
495,LASSO-ADMM,0.075059,2.555025,1.910218,1.696827,9.91
496,ASL-SR-DPT,0.598200,1.496390,1.228598,0.854242,14.56
496,OMP,0.000000,0.360443,0.179851,0.312367,26.93
496,LASSO-ADMM,0.088809,2.518745,1.915514,1.635506,10.04
497,ASL-SR-DPT,0.554867,1.769021,1.422476,1.051663,13.11
497,OMP,0.000000,0.474415,0.242431,0.407795,24.54
497,LASSO-ADMM,0.087447,2.545715,1.935018,1.654198,9.95
498,ASL-SR-DPT,0.590475,1.497681,1.169649,0.935398,14.55
498,OMP,0.000002,0.386390,0.099590,0.373335,26.32
498,LASSO-ADMM,0.081398,2.536616,1.869264,1.714723,9.98
499,ASL-SR-DPT,0.621548,1.623208,1.305617,0.964452,13.85
499,OMP,0.000040,0.394015,0.032319,0.392687,26.15
499,LASSO-ADMM,0.086142,2.523559,1.895779,1.665644,10.02
