patch_id,iterations,objective_evaluations,gradient_evaluations,candidate_evaluations,midpoint_evaluations,backtracking_attempts,accepted_steps,failed_line_searches,support_mask_calculations
0,141,289,141,141,7,141,141,0,141
1,139,286,139,140,7,140,139,0,139
2,139,286,139,140,7,140,139,0,139
3,141,289,141,141,7,141,141,0,141
4,139,285,139,139,7,139,139,0,139
5,141,289,141,141,7,141,141,0,141
6,141,290,141,142,7,142,141,0,141
7,141,289,141,141,7,141,141,0,141
8,139,285,139,139,7,139,139,0,139
9,139,285,139,139,7,139,139,0,139
10,137,282,137,138,7,138,137,0,137
11,136,280,136,137,7,137,136,0,136
12,134,275,134,134,7,134,134,0,134
13,133,274,133,134,7,134,133,0,133
14,135,277,135,135,7,135,135,0,135
15,141,289,141,141,7,141,141,0,141
16,140,287,140,140,7,140,140,0,140
17,150,307,150,150,7,150,150,0,150
18,142,291,142,142,7,142,142,0,142
19,143,293,143,143,7,143,143,0,143
20,142,292,142,143,7,143,142,0,142
21,142,291,142,142,7,142,142,0,142
22,144,296,144,145,7,145,144,0,144
23,145,297,145,145,7,145,145,0,145
24,142,291,142,142,7,142,142,0,142
25,142,291,142,142,7,142,142,0,142
26,142,292,142,143,7,143,142,0,142
27,150,307,150,150,7,150,150,0,150
28,144,295,144,144,7,144,144,0,144
29,142,292,142,143,7,143,142,0,142
30,142,292,142,143,7,143,142,0,142
31,142,291,142,142,7,142,142,0,142
32,142,292,142,143,7,143,142,0,142
33,142,291,142,142,7,142,142,0,142
34,142,292,142,143,7,143,142,0,142
35,142,292,142,143,7,143,142,0,142
36,142,291,142,142,7,142,142,0,142
37,142,291,142,142,7,142,142,0,142
38,143,293,143,143,7,143,143,0,143
39,142,291,142,142,7,142,142,0,142
40,143,293,143,143,7,143,143,0,143
41,142,291,142,142,7,142,142,0,142
42,142,292,142,143,7,143,142,0,142
43,142,292,142,143,7,143,142,0,142
44,142,292,142,143,7,143,142,0,142
45,141,289,141,141,7,141,141,0,141
46,142,292,142,143,7,143,142,0,142
47,141,289,141,141,7,141,141,0,141
48,142,291,142,142,7,142,142,0,142
49,142,292,142,143,7,143,142,0,142
50,141,289,141,141,7,141,141,0,141
51,150,307,150,150,7,150,150,0,150
52,135,277,135,135,7,135,135,0,135
53,150,307,150,150,7,150,150,0,150
54,128,263,128,128,7,128,128,0,128
55,131,269,131,131,7,131,131,0,131
56,133,273,133,133,7,133,133,0,133
57,133,273,133,133,7,133,133,0,133
58,134,275,134,134,7,134,134,0,134
59,130,267,130,130,7,130,130,0,130
60,129,265,129,129,7,129,129,0,129
61,129,265,129,129,7,129,129,0,129
62,132,271,132,132,7,132,132,0,132
63,133,273,133,133,7,133,133,0,133
64,133,273,133,133,7,133,133,0,133
65,133,273,133,133,7,133,133,0,133
66,134,275,134,134,7,134,134,0,134
67,150,307,150,150,7,150,150,0,150
68,150,307,150,150,7,150,150,0,150
69,140,288,140,141,7,141,140,0,140
70,142,292,142,143,7,143,142,0,142
71,142,292,142,143,7,143,142,0,142
72,144,295,144,144,7,144,144,0,144
73,142,292,142,143,7,143,142,0,142
74,142,292,142,143,7,143,142,0,142
75,142,292,142,143,7,143,142,0,142
76,140,288,140,141,7,141,140,0,140
77,138,283,138,138,7,138,138,0,138
78,150,307,150,150,7,150,150,0,150
79,135,277,135,135,7,135,135,0,135
80,138,283,138,138,7,138,138,0,138
81,137,282,137,138,7,138,137,0,137
82,138,284,138,139,7,139,138,0,138
83,138,284,138,139,7,139,138,0,138
84,138,284,138,139,7,139,138,0,138
85,140,287,140,140,7,140,140,0,140
86,140,288,140,141,7,141,140,0,140
87,141,290,141,142,7,142,141,0,141
88,142,291,142,142,7,142,142,0,142
89,142,292,142,143,7,143,142,0,142
90,142,291,142,142,7,142,142,0,142
91,142,292,142,143,7,143,142,0,142
92,141,290,141,142,7,142,141,0,141
93,141,289,141,141,7,141,141,0,141
94,141,289,141,141,7,141,141,0,141
95,142,291,142,142,7,142,142,0,142
96,142,292,142,143,7,143,142,0,142
97,142,291,142,142,7,142,142,0,142
98,145,297,145,145,7,145,145,0,145
99,142,291,142,142,7,142,142,0,142
100,141,289,141,141,7,141,141,0,141
101,141,290,141,142,7,142,141,0,141
102,141,289,141,141,7,141,141,0,141
103,141,290,141,142,7,142,141,0,141
104,141,289,141,141,7,141,141,0,141
105,140,287,140,140,7,140,140,0,140
106,140,288,140,141,7,141,140,0,140
107,139,285,139,139,7,139,139,0,139
108,138,283,138,138,7,138,138,0,138
109,137,282,137,138,7,138,137,0,137
110,135,278,135,136,7,136,135,0,135
111,134,275,134,134,7,134,134,0,134
112,133,273,133,133,7,133,133,0,133
113,134,275,134,134,7,134,134,0,134
114,133,274,133,134,7,134,133,0,133
115,133,273,133,133,7,133,133,0,133
116,132,271,132,132,7,132,132,0,132
117,132,271,132,132,7,132,132,0,132
118,131,269,131,131,7,131,131,0,131
119,132,271,132,132,7,132,132,0,132
120,131,269,131,131,7,131,131,0,131
121,132,271,132,132,7,132,132,0,132
122,134,275,134,134,7,134,134,0,134
123,132,271,132,132,7,132,132,0,132
124,131,269,131,131,7,131,131,0,131
125,131,269,131,131,7,131,131,0,131
126,129,265,129,129,7,129,129,0,129
127,131,269,131,131,7,131,131,0,131
128,131,269,131,131,7,131,131,0,131
129,131,269,131,131,7,131,131,0,131
130,130,267,130,130,7,130,130,0,130
131,150,307,150,150,7,150,150,0,150
132,129,265,129,129,7,129,129,0,129
133,150,307,150,150,7,150,150,0,150
134,127,261,127,127,7,127,127,0,127
135,122,251,122,122,7,122,122,0,122
136,150,308,150,151,7,151,150,0,150
137,150,308,150,151,7,151,150,0,150
138,133,273,133,133,7,133,133,0,133
139,124,255,124,124,7,124,124,0,124
140,123,253,123,123,7,123,123,0,123
141,121,249,121,121,7,121,121,0,121
142,123,253,123,123,7,123,123,0,123
143,120,247,120,120,7,120,120,0,120
144,124,255,124,124,7,124,124,0,124
145,123,253,123,123,7,123,123,0,123
146,127,261,127,127,7,127,127,0,127
147,129,265,129,129,7,129,129,0,129
148,127,261,127,127,7,127,127,0,127
149,123,253,123,123,7,123,123,0,123
150,122,251,122,122,7,122,122,0,122
151,120,247,120,120,7,120,120,0,120
152,119,245,119,119,7,119,119,0,119
153,150,307,150,150,7,150,150,0,150
154,117,241,117,117,7,117,117,0,117
155,117,241,117,117,7,117,117,0,117
156,150,307,150,150,7,150,150,0,150
157,150,307,150,150,7,150,150,0,150
158,141,289,141,141,7,141,141,0,141
159,142,291,142,142,7,142,142,0,142
160,150,308,150,151,7,151,150,0,150
161,143,293,143,143,7,143,143,0,143
162,138,283,138,138,7,138,138,0,138
163,141,289,141,141,7,141,141,0,141
164,140,287,140,140,7,140,140,0,140
165,150,308,150,151,7,151,150,0,150
166,138,283,138,138,7,138,138,0,138
167,138,283,138,138,7,138,138,0,138
168,137,281,137,137,7,137,137,0,137
169,134,275,134,134,7,134,134,0,134
170,136,279,136,136,7,136,136,0,136
171,134,275,134,134,7,134,134,0,134
172,139,285,139,139,7,139,139,0,139
173,150,308,150,151,7,151,150,0,150
174,145,297,145,145,7,145,145,0,145
175,142,292,142,143,7,143,142,0,142
176,142,292,142,143,7,143,142,0,142
177,150,307,150,150,7,150,150,0,150
178,142,292,142,143,7,143,142,0,142
179,142,292,142,143,7,143,142,0,142
180,142,292,142,143,7,143,142,0,142
181,142,291,142,142,7,142,142,0,142
182,142,291,142,142,7,142,142,0,142
183,142,291,142,142,7,142,142,0,142
184,142,292,142,143,7,143,142,0,142
185,142,292,142,143,7,143,142,0,142
186,142,291,142,142,7,142,142,0,142
187,142,291,142,142,7,142,142,0,142
188,142,291,142,142,7,142,142,0,142
189,142,292,142,143,7,143,142,0,142
190,142,292,142,143,7,143,142,0,142
191,142,292,142,143,7,143,142,0,142
192,142,291,142,142,7,142,142,0,142
193,142,292,142,143,7,143,142,0,142
194,142,291,142,142,7,142,142,0,142
195,142,291,142,142,7,142,142,0,142
196,144,296,144,145,7,145,144,0,144
197,142,292,142,143,7,143,142,0,142
198,142,292,142,143,7,143,142,0,142
199,143,293,143,143,7,143,143,0,143
200,142,292,142,143,7,143,142,0,142
201,142,292,142,143,7,143,142,0,142
202,143,293,143,143,7,143,143,0,143
203,141,289,141,141,7,141,141,0,141
204,145,297,145,145,7,145,145,0,145
205,143,293,143,143,7,143,143,0,143
206,141,289,141,141,7,141,141,0,141
207,143,293,143,143,7,143,143,0,143
208,142,292,142,143,7,143,142,0,142
209,140,287,140,140,7,140,140,0,140
210,135,277,135,135,7,135,135,0,135
211,131,269,131,131,7,131,131,0,131
212,128,263,128,128,7,128,128,0,128
213,130,267,130,130,7,130,130,0,130
214,132,271,132,132,7,132,132,0,132
215,132,271,132,132,7,132,132,0,132
216,133,273,133,133,7,133,133,0,133
217,150,308,150,151,7,151,150,0,150
218,129,265,129,129,7,129,129,0,129
219,130,267,130,130,7,130,130,0,130
220,130,267,130,130,7,130,130,0,130
221,132,271,132,132,7,132,132,0,132
222,133,273,133,133,7,133,133,0,133
223,133,273,133,133,7,133,133,0,133
224,134,276,134,135,7,135,134,0,134
225,136,279,136,136,7,136,136,0,136
226,150,308,150,151,7,151,150,0,150
227,140,287,140,140,7,140,140,0,140
228,142,291,142,142,7,142,142,0,142
229,142,292,142,143,7,143,142,0,142
230,142,292,142,143,7,143,142,0,142
231,142,291,142,142,7,142,142,0,142
232,144,295,144,144,7,144,144,0,144
233,142,292,142,143,7,143,142,0,142
234,139,286,139,140,7,140,139,0,139
235,138,283,138,138,7,138,138,0,138
236,138,284,138,139,7,139,138,0,138
237,135,277,135,135,7,135,135,0,135
238,136,279,136,136,7,136,136,0,136
239,137,281,137,137,7,137,137,0,137
240,138,283,138,138,7,138,138,0,138
241,138,284,138,139,7,139,138,0,138
242,138,284,138,139,7,139,138,0,138
243,139,285,139,139,7,139,139,0,139
244,140,287,140,140,7,140,140,0,140
245,141,289,141,141,7,141,141,0,141
246,142,291,142,142,7,142,142,0,142
247,142,291,142,142,7,142,142,0,142
248,142,292,142,143,7,143,142,0,142
249,142,291,142,142,7,142,142,0,142
250,141,290,141,142,7,142,141,0,141
251,141,290,141,142,7,142,141,0,141
252,141,290,141,142,7,142,141,0,141
253,141,289,141,141,7,141,141,0,141
254,141,289,141,141,7,141,141,0,141
255,142,292,142,143,7,143,142,0,142
256,142,291,142,142,7,142,142,0,142
257,143,293,143,143,7,143,143,0,143
258,142,291,142,142,7,142,142,0,142
259,141,290,141,142,7,142,141,0,141
260,139,285,139,139,7,139,139,0,139
261,139,285,139,139,7,139,139,0,139
262,141,290,141,142,7,142,141,0,141
263,140,287,140,140,7,140,140,0,140
264,140,287,140,140,7,140,140,0,140
265,138,283,138,138,7,138,138,0,138
266,141,289,141,141,7,141,141,0,141
267,150,308,150,151,7,151,150,0,150
268,134,275,134,134,7,134,134,0,134
269,133,273,133,133,7,133,133,0,133
270,134,276,134,135,7,135,134,0,134
271,133,273,133,133,7,133,133,0,133
272,133,273,133,133,7,133,133,0,133
273,132,272,132,133,7,133,132,0,132
274,131,270,131,132,7,132,131,0,131
275,132,272,132,133,7,133,132,0,132
276,131,269,131,131,7,131,131,0,131
277,131,270,131,132,7,132,131,0,131
278,132,271,132,132,7,132,132,0,132
279,133,274,133,134,7,134,133,0,133
280,132,271,132,132,7,132,132,0,132
281,135,277,135,135,7,135,135,0,135
282,131,269,131,131,7,131,131,0,131
283,131,269,131,131,7,131,131,0,131
284,128,263,128,128,7,128,128,0,128
285,129,265,129,129,7,129,129,0,129
286,131,269,131,131,7,131,131,0,131
287,129,265,129,129,7,129,129,0,129
288,127,261,127,127,7,127,127,0,127
289,150,307,150,150,7,150,150,0,150
290,150,307,150,150,7,150,150,0,150
291,150,307,150,150,7,150,150,0,150
292,126,259,126,126,7,126,126,0,126
293,150,307,150,150,7,150,150,0,150
294,125,257,125,125,7,125,125,0,125
295,126,259,126,126,7,126,126,0,126
296,124,255,124,124,7,124,124,0,124
297,123,253,123,123,7,123,123,0,123
298,150,308,150,151,7,151,150,0,150
299,122,251,122,122,7,122,122,0,122
300,116,239,116,116,7,116,116,0,116
301,150,307,150,150,7,150,150,0,150
302,122,251,122,122,7,122,122,0,122
303,124,255,124,124,7,124,124,0,124
304,125,257,125,125,7,125,125,0,125
305,126,259,126,126,7,126,126,0,126
306,125,257,125,125,7,125,125,0,125
307,150,307,150,150,7,150,150,0,150
308,150,307,150,150,7,150,150,0,150
309,122,251,122,122,7,122,122,0,122
310,121,249,121,121,7,121,121,0,121
311,121,249,121,121,7,121,121,0,121
312,120,247,120,120,7,120,120,0,120
313,121,249,121,121,7,121,121,0,121
314,121,249,121,121,7,121,121,0,121
315,123,253,123,123,7,123,123,0,123
316,150,308,150,151,7,151,150,0,150
317,139,286,139,140,7,140,139,0,139
318,139,285,139,139,7,139,139,0,139
319,138,283,138,138,7,138,138,0,138
320,137,281,137,137,7,137,137,0,137
321,139,285,139,139,7,139,139,0,139
322,139,285,139,139,7,139,139,0,139
323,135,277,135,135,7,135,135,0,135
324,136,279,136,136,7,136,136,0,136
325,134,275,134,134,7,134,134,0,134
326,132,271,132,132,7,132,132,0,132
327,132,271,132,132,7,132,132,0,132
328,150,307,150,150,7,150,150,0,150
329,140,288,140,141,7,141,140,0,140
330,139,286,139,140,7,140,139,0,139
331,145,297,145,145,7,145,145,0,145
332,144,295,144,144,7,144,144,0,144
333,142,291,142,142,7,142,142,0,142
334,142,291,142,142,7,142,142,0,142
335,142,292,142,143,7,143,142,0,142
336,143,294,143,144,7,144,143,0,143
337,145,297,145,145,7,145,145,0,145
338,142,292,142,143,7,143,142,0,142
339,142,291,142,142,7,142,142,0,142
340,150,307,150,150,7,150,150,0,150
341,142,292,142,143,7,143,142,0,142
342,142,291,142,142,7,142,142,0,142
343,142,291,142,142,7,142,142,0,142
344,142,292,142,143,7,143,142,0,142
345,142,291,142,142,7,142,142,0,142
346,145,297,145,145,7,145,145,0,145
347,142,291,142,142,7,142,142,0,142
348,142,292,142,143,7,143,142,0,142
349,143,293,143,143,7,143,143,0,143
350,143,294,143,144,7,144,143,0,143
351,142,292,142,143,7,143,142,0,142
352,142,291,142,142,7,142,142,0,142
353,144,295,144,144,7,144,144,0,144
354,142,292,142,143,7,143,142,0,142
355,146,299,146,146,7,146,146,0,146
356,142,292,142,143,7,143,142,0,142
357,142,292,142,143,7,143,142,0,142
358,142,291,142,142,7,142,142,0,142
359,143,294,143,144,7,144,143,0,143
360,143,293,143,143,7,143,143,0,143
361,141,289,141,141,7,141,141,0,141
362,146,299,146,146,7,146,146,0,146
363,145,297,145,145,7,145,145,0,145
364,141,290,141,142,7,142,141,0,141
365,142,292,142,143,7,143,142,0,142
366,142,292,142,143,7,143,142,0,142
367,140,287,140,140,7,140,140,0,140
368,136,279,136,136,7,136,136,0,136
369,138,283,138,138,7,138,138,0,138
370,128,263,128,128,7,128,128,0,128
371,129,265,129,129,7,129,129,0,129
372,131,269,131,131,7,131,131,0,131
373,135,277,135,135,7,135,135,0,135
374,132,272,132,133,7,133,132,0,132
375,131,269,131,131,7,131,131,0,131
376,130,267,130,130,7,130,130,0,130
377,130,267,130,130,7,130,130,0,130
378,130,267,130,130,7,130,130,0,130
379,133,273,133,133,7,133,133,0,133
380,132,271,132,132,7,132,132,0,132
381,133,274,133,134,7,134,133,0,133
382,134,276,134,135,7,135,134,0,134
383,137,281,137,137,7,137,137,0,137
384,139,286,139,140,7,140,139,0,139
385,140,288,140,141,7,141,140,0,140
386,141,290,141,142,7,142,141,0,141
387,141,290,141,142,7,142,141,0,141
388,141,290,141,142,7,142,141,0,141
389,144,295,144,144,7,144,144,0,144
390,142,292,142,143,7,143,142,0,142
391,141,290,141,142,7,142,141,0,141
392,139,285,139,139,7,139,139,0,139
393,138,284,138,139,7,139,138,0,138
394,135,278,135,136,7,136,135,0,135
395,136,279,136,136,7,136,136,0,136
396,137,281,137,137,7,137,137,0,137
397,138,283,138,138,7,138,138,0,138
398,138,284,138,139,7,139,138,0,138
399,138,284,138,139,7,139,138,0,138
400,138,285,138,140,7,140,138,0,138
401,139,285,139,139,7,139,139,0,139
402,139,286,139,140,7,140,139,0,139
403,140,288,140,141,7,141,140,0,140
404,141,290,141,142,7,142,141,0,141
405,142,292,142,143,7,143,142,0,142
406,142,292,142,143,7,143,142,0,142
407,142,291,142,142,7,142,142,0,142
408,145,298,145,146,7,146,145,0,145
409,141,290,141,142,7,142,141,0,141
410,140,287,140,140,7,140,140,0,140
411,140,287,140,140,7,140,140,0,140
412,141,290,141,142,7,142,141,0,141
413,141,290,141,142,7,142,141,0,141
414,145,297,145,145,7,145,145,0,145
415,140,287,140,140,7,140,140,0,140
416,141,289,141,141,7,141,141,0,141
417,139,285,139,139,7,139,139,0,139
418,138,283,138,138,7,138,138,0,138
419,138,283,138,138,7,138,138,0,138
420,138,283,138,138,7,138,138,0,138
421,139,285,139,139,7,139,139,0,139
422,138,284,138,139,7,139,138,0,138
423,136,279,136,136,7,136,136,0,136
424,137,281,137,137,7,137,137,0,137
425,136,279,136,136,7,136,136,0,136
426,134,276,134,135,7,135,134,0,134
427,135,277,135,135,7,135,135,0,135
428,135,278,135,136,7,136,135,0,135
429,134,275,134,134,7,134,134,0,134
430,133,273,133,133,7,133,133,0,133
431,132,271,132,132,7,132,132,0,132
432,131,269,131,131,7,131,131,0,131
433,131,269,131,131,7,131,131,0,131
434,130,267,130,130,7,130,130,0,130
435,131,270,131,132,7,132,131,0,131
436,131,269,131,131,7,131,131,0,131
437,131,269,131,131,7,131,131,0,131
438,132,271,132,132,7,132,132,0,132
439,150,307,150,150,7,150,150,0,150
440,150,307,150,150,7,150,150,0,150
441,150,307,150,150,7,150,150,0,150
442,150,308,150,151,7,151,150,0,150
443,150,307,150,150,7,150,150,0,150
444,150,307,150,150,7,150,150,0,150
445,127,261,127,127,7,127,127,0,127
446,150,307,150,150,7,150,150,0,150
447,129,265,129,129,7,129,129,0,129
448,125,257,125,125,7,125,125,0,125
449,125,257,125,125,7,125,125,0,125
450,150,307,150,150,7,150,150,0,150
451,150,307,150,150,7,150,150,0,150
452,126,259,126,126,7,126,126,0,126
453,150,307,150,150,7,150,150,0,150
454,124,255,124,124,7,124,124,0,124
455,150,307,150,150,7,150,150,0,150
456,125,257,125,125,7,125,125,0,125
457,150,307,150,150,7,150,150,0,150
458,119,245,119,119,7,119,119,0,119
459,117,241,117,117,7,117,117,0,117
460,117,241,117,117,7,117,117,0,117
461,117,241,117,117,7,117,117,0,117
462,123,253,123,123,7,123,123,0,123
463,122,251,122,122,7,122,122,0,122
464,150,307,150,150,7,150,150,0,150
465,121,249,121,121,7,121,121,0,121
466,150,307,150,150,7,150,150,0,150
467,150,307,150,150,7,150,150,0,150
468,124,255,124,124,7,124,124,0,124
469,124,255,124,124,7,124,124,0,124
470,123,253,123,123,7,123,123,0,123
471,121,249,121,121,7,121,121,0,121
472,123,253,123,123,7,123,123,0,123
473,150,307,150,150,7,150,150,0,150
474,141,289,141,141,7,141,141,0,141
475,137,281,137,137,7,137,137,0,137
476,137,281,137,137,7,137,137,0,137
477,137,281,137,137,7,137,137,0,137
478,136,279,136,136,7,136,136,0,136
479,136,280,136,137,7,137,136,0,136
480,134,275,134,134,7,134,134,0,134
481,132,271,132,132,7,132,132,0,132
482,134,275,134,134,7,134,134,0,134
483,133,273,133,133,7,133,133,0,133
484,133,273,133,133,7,133,133,0,133
485,134,275,134,134,7,134,134,0,134
486,150,307,150,150,7,150,150,0,150
487,137,281,137,137,7,137,137,0,137
488,140,287,140,140,7,140,140,0,140
489,150,307,150,150,7,150,150,0,150
490,141,289,141,141,7,141,141,0,141
491,142,292,142,143,7,143,142,0,142
492,142,291,142,142,7,142,142,0,142
493,142,291,142,142,7,142,142,0,142
494,143,293,143,143,7,143,143,0,143
495,143,293,143,143,7,143,143,0,143
496,142,291,142,142,7,142,142,0,142
497,142,292,142,143,7,143,142,0,142
498,143,293,143,143,7,143,143,0,143
499,143,294,143,144,7,144,143,0,143
