image_id,noise_sigma,trial,configuration,sensing_mode,psnr,ssim,mse,solve_time,setup_time,ms_per_patch,mean_iterations,median_iterations,max_iterations,measurement_residual,relative_measurement_residual,normalized_measurement_residual,measurement_residual_ac,relative_measurement_residual_ac,normalized_measurement_residual_ac,admm_primal_residual,admm_dual_residual,coefficient_error,dc_error,ac_error,active_support_ratio,mean_active_count,failed_line_searches,accepted_steps,final_sigma,seed,code_version,config_hash,patch_count,run_id
test001,15.0,1,LASSO-ADMM,standard,19.884093040444107,0.7312188309844503,0.010270478929800434,178.46640660008416,0.007225099951028824,4.745942096587708,99.89445271779599,100.0,100,0.08176158007377946,0.05082473167973433,0.013263479713465141,,,,0.000721103257059441,0.008100485148514202,0.8754193743010297,0.4283689739714226,0.74509684490681,0.5601423718221465,35.84911179661738,0,3756431,0.0,20275909,v7.0.0-fixed,audit_baseline,37604,test001_s15_LASSO-ADMM_5909
test001,15.0,1,OMP,standard,24.40204611151751,0.7308526804713903,0.003629070364298892,166.88388189999387,0.01426980015821755,4.437928994255767,37.90157961918945,38.0,38,1.1914025182614022e-06,4.615579795744994e-07,1.9327100965113394e-07,,,,0.0,0.0,0.8533315478069161,0.13991001292236072,0.835919835088741,0.5922121815498351,37.90157961918945,0,1425251,0.0,20275909,v7.0.0-fixed,audit_baseline,37604,test001_s15_OMP_5909
test001,15.0,1,V7_A6_DC_PRESERVATION,dc_preserving,21.3356,0.4238,0.007353,69.813,0.006,1.8565312200829698,97.8,98.0,150,0.6286,1.0999757706362931,0.1033412034201476,0.6286,1.0999757706362931,0.1033412034201476,0.0,0.0,0.6945,0.0505,0.689,0.2725,17.2,0,150,0.01,20275909,v7.0.0-validated,d3619add2942,37604,test001_s15_V7_A6_DC_PRESERVATION_5909
test001,15.0,1,V7_OPT_BASE,standard,20.4013,0.4157,0.009117,41.74,0.008,1.1099882991171153,150.0,150.0,150,0.6394,0.4065595581555164,0.10372437667100957,,,,0.0,0.0,0.7966,0.2621,0.7208,0.2916,18.7,0,150,0.01,20275909,v7.0.0-validated,d3619add2942,37604,test001_s15_V7_OPT_BASE_5909
test002,15.0,1,LASSO-ADMM,standard,15.921176840036544,0.5292853523426654,0.025578926617996066,179.5727361999452,0.007395499851554632,4.775362626314893,99.99875013296457,100.0,100,0.08019906921048425,0.030538132861486718,0.013010006980689137,,,,0.0010969449479714746,0.01605837841395081,1.2001617679816143,0.7467529029819444,0.9180635861742961,0.5764928598021487,36.89554302733752,0,3760353,0.0,20275910,v7.0.0-fixed,audit_baseline,37604,test002_s15_LASSO-ADMM_5910
test002,15.0,1,OMP,standard,26.479482300429467,0.6144848246838597,0.002249322719765825,164.75148049998097,0.007956499932333827,4.3812222236991,37.7582703967663,38.0,38,4.399322532119311e-06,1.0883329135154071e-06,7.136643531729794e-07,,,,0.0,0.0,0.6059141848304558,0.09770046814379776,0.593905590028143,0.5899729749494734,37.7582703967663,0,1419862,0.0,20275910,v7.0.0-fixed,audit_baseline,37604,test002_s15_OMP_5910
test002,15.0,1,V7_A6_DC_PRESERVATION,dc_preserving,24.9526,0.7107,0.003197,61.146,0.007,1.6260504201680672,97.8,98.0,150,0.4393,1.257349874781605,0.07222047512324346,0.4393,1.257349874781605,0.07222047512324346,0.0,0.0,0.3955,0.0856,0.3427,0.1455,9.2,0,150,0.01,20275910,v7.0.0-validated,d3619add2942,37604,test002_s15_V7_A6_DC_PRESERVATION_5910
test002,15.0,1,V7_OPT_BASE,standard,19.0928,0.4944,0.012323,37.559,0.007,0.9988033187958727,150.0,150.0,150,0.5402,0.20716584740007052,0.08763201169483793,,,,0.0,0.0,0.8327,0.4859,0.6189,0.2392,15.3,0,150,0.01,20275910,v7.0.0-validated,d3619add2942,37604,test002_s15_V7_OPT_BASE_5910
test003,15.0,1,LASSO-ADMM,standard,20.43552840634385,0.6016902862390484,0.009045803706970243,178.90093309991062,0.008035199949517846,4.7574974231440965,99.99417615147324,100.0,100,0.079066346103231,0.03858550393888907,0.012826255028482864,,,,0.0010427786920637573,0.010653975567835636,0.8036811885645484,0.4300788891464256,0.662466687250095,0.5479578302840123,35.06930113817679,0,3760181,0.0,20275911,v7.0.0-fixed,audit_baseline,37604,test003_s15_LASSO-ADMM_5911
test003,15.0,1,OMP,standard,25.844428266496987,0.5522751473597931,0.0026034975501657872,165.8367886999622,0.008955599972978234,4.410083733112493,37.857036485480265,38.0,38,1.8813700677022016e-06,6.718816692535951e-07,3.051985260555302e-07,,,,0.0,0.0,0.68569868646336,0.11192333162714027,0.6718100217039252,0.5915161950856291,37.857036485480265,0,1423576,0.0,20275911,v7.0.0-fixed,audit_baseline,37604,test003_s15_OMP_5911
test003,15.0,1,V7_A6_DC_PRESERVATION,dc_preserving,24.5107,0.7283,0.003539,53.999,0.007,1.4359908520370175,97.8,98.0,150,0.4932,1.1321407443996412,0.08108158053900222,0.4932,1.1321407443996412,0.08108158053900222,0.0,0.0,0.395,0.048,0.3832,0.171,10.8,0,150,0.01,20275911,v7.0.0-validated,d3619add2942,37604,test003_s15_V7_A6_DC_PRESERVATION_5911
test003,15.0,1,V7_OPT_BASE,standard,22.8276,0.7046,0.005215,40.186,0.007,1.0686629082012553,150.0,150.0,150,0.4995,0.24765944562143405,0.08102959985481589,,,,0.0,0.0,0.5086,0.2199,0.4275,0.1904,12.2,0,150,0.01,20275911,v7.0.0-validated,d3619add2942,37604,test003_s15_V7_OPT_BASE_5911
test004,15.0,1,LASSO-ADMM,standard,24.453906196356876,0.6726433308627568,0.0035859925285000077,178.791893000016,0.007506200112402439,4.754597728965429,99.99372407190724,100.0,100,0.07776616189965192,0.044310408199520486,0.012615337299246496,,,,0.0007935436532216774,0.006501799812816423,0.5741681712429791,0.2501294223017974,0.506065707462786,0.5243553711041379,33.558743750664824,0,3760164,0.0,20275912,v7.0.0-fixed,audit_baseline,37604,test004_s15_LASSO-ADMM_5912
test004,15.0,1,OMP,standard,26.44812764443275,0.605912049550422,0.002265620864680302,166.90014880010858,0.0080657999496907,4.43836157855836,37.88009254334645,38.0,38,1.2311311971829118e-06,5.74886555776366e-07,1.99715852405429e-07,,,,0.0,0.0,0.6390549548946961,0.10353125625577597,0.6262240538066258,0.5918764459897883,37.88009254334645,0,1424443,0.0,20275912,v7.0.0-fixed,audit_baseline,37604,test004_s15_OMP_5912
test004,15.0,1,V7_A6_DC_PRESERVATION,dc_preserving,26.7996,0.7089,0.002089,54.653,0.008,1.453382618870333,97.8,98.0,150,0.4715,1.0697734527599803,0.07751412251447597,0.4715,1.0697734527599803,0.07751412251447597,0.0,0.0,0.3838,0.0471,0.3768,0.1606,10.1,0,150,0.01,20275912,v7.0.0-validated,d3619add2942,37604,test004_s15_V7_A6_DC_PRESERVATION_5912
test004,15.0,1,V7_OPT_BASE,standard,26.0069,0.6915,0.002508,41.211,0.008,1.0959206467397085,150.0,150.0,150,0.4693,0.26905241076773667,0.07613051293666687,,,,0.0,0.0,0.4163,0.1302,0.3796,0.1693,10.8,0,150,0.01,20275912,v7.0.0-validated,d3619add2942,37604,test004_s15_V7_OPT_BASE_5912
test005,15.0,1,LASSO-ADMM,standard,15.020963201959143,0.5699607632584874,0.03147050266744823,177.5899141000118,0.00747739989310503,4.722633605467818,100.0,100.0,100,0.08278174516722377,0.023561222803183048,0.013428972344711675,,,,0.0013631132560797618,0.021098548499646957,1.5137961819420898,0.9928369482289128,1.1321998104603834,0.6158237820444633,39.41272205084565,0,3760400,0.0,20275913,v7.0.0-fixed,audit_baseline,37604,test005_s15_LASSO-ADMM_5913
test005,15.0,1,OMP,standard,25.650036740611313,0.7095661294786813,0.0027226782745622888,165.5222355001606,0.008375500096008182,4.401718846403591,37.76475906818423,38.0,38,4.59310652070141e-06,1.076733772676649e-06,7.45100267193155e-07,,,,0.0,0.0,0.7017577861829531,0.1140227596715321,0.6876750795784249,0.5900743604403786,37.76475906818423,0,1420106,0.0,20275913,v7.0.0-fixed,audit_baseline,37604,test005_s15_OMP_5913
test005,15.0,1,V7_A6_DC_PRESERVATION,dc_preserving,23.1675,0.5733,0.004822,61.985,0.007,1.648361876396128,97.8,98.0,150,0.5285,1.2343866912724049,0.08688486479088132,0.5285,1.2343866912724049,0.08688486479088132,0.0,0.0,0.56,0.0704,0.5315,0.2057,13.0,0,150,0.01,20275913,v7.0.0-validated,d3619add2942,37604,test005_s15_V7_A6_DC_PRESERVATION_5913
test005,15.0,1,V7_OPT_BASE,standard,18.7501,0.4321,0.013335,35.286,0.008,0.9383576215296245,150.0,150.0,150,0.6037,0.17277403050982948,0.09793307193664136,,,,0.0,0.0,0.9873,0.5504,0.7725,0.2902,18.6,0,150,0.01,20275913,v7.0.0-validated,d3619add2942,37604,test005_s15_V7_OPT_BASE_5913
test006,15.0,1,LASSO-ADMM,standard,16.297839488119706,0.46248467195251985,0.023453953035941544,177.90237520006485,0.010065100155770779,4.730942857144582,99.99925539836188,100.0,100,0.08037558468683162,0.02596221832663993,0.01303864157211378,,,,0.0013193340733713248,0.019997903743670473,1.2792515988877518,0.8390609213283007,0.9504871568426406,0.5871906911498777,37.58020423359217,0,3760372,0.0,20275914,v7.0.0-fixed,audit_baseline,37604,test006_s15_LASSO-ADMM_5914
test006,15.0,1,OMP,standard,27.152981577057393,0.5445451780381706,0.001926202056932446,165.79819979984313,0.009101000148802996,4.409057541746706,37.75909477715137,38.0,38,4.448629931722398e-06,1.1019293096280503e-06,7.216630696088547e-07,,,,0.0,0.0,0.5689004709457489,0.09069749618475272,0.5578329374506453,0.5899858558929901,37.75909477715137,0,1419893,0.0,20275914,v7.0.0-fixed,audit_baseline,37604,test006_s15_OMP_5914
test006,15.0,1,V7_A6_DC_PRESERVATION,dc_preserving,29.3699,0.8187,0.001156,51.351,0.007,1.365572811403042,97.8,98.0,150,0.4019,1.0838237009611402,0.0660719529980231,0.4019,1.0838237009611402,0.0660719529980231,0.0,0.0,0.2698,0.0556,0.2511,0.1118,7.0,0,150,0.01,20275914,v7.0.0-validated,d3619add2942,37604,test006_s15_V7_A6_DC_PRESERVATION_5914
test006,15.0,1,V7_OPT_BASE,standard,21.375,0.5982,0.007286,37.5,0.007,0.9972343367726838,150.0,150.0,150,0.4898,0.15965646007352863,0.0794560520698475,,,,0.0,0.0,0.7045,0.4462,0.5067,0.2003,12.8,0,150,0.01,20275914,v7.0.0-validated,d3619add2942,37604,test006_s15_V7_OPT_BASE_5914
test007,15.0,1,LASSO-ADMM,standard,23.078261664077544,0.735240479589609,0.004922365221131613,178.55966869997792,0.01522400020621717,4.74842220774327,99.99058610786086,100.0,100,0.07940842299988712,0.04989191430091924,0.012881747228794422,,,,0.0006098519773845894,0.005514234552077898,0.6482194505727104,0.272397844704848,0.5771224699831847,0.5321300593022019,34.05632379534092,0,3760046,0.0,20275915,v7.0.0-fixed,audit_baseline,37604,test007_s15_LASSO-ADMM_5915
test007,15.0,1,OMP,standard,25.637049902881767,0.6996499687386136,0.002730832166141046,167.75390880019404,0.008032500045374036,4.461065546223647,37.90282948622487,38.0,38,9.001846903782748e-07,4.638895070112267e-07,1.4602923975331922e-07,,,,0.0,0.0,0.7265025643840457,0.1185828390683578,0.7117995556944524,0.5922317107222635,37.90282948622487,0,1425298,0.0,20275915,v7.0.0-fixed,audit_baseline,37604,test007_s15_OMP_5915
test007,15.0,1,V7_A6_DC_PRESERVATION,dc_preserving,23.2835,0.5687,0.004695,62.828,0.007,1.670779704286778,97.8,98.0,150,0.5649,1.08415840959216,0.09286898792879633,0.5649,1.08415840959216,0.09286898792879633,0.0,0.0,0.5695,0.0471,0.5651,0.2237,14.1,0,150,0.01,20275915,v7.0.0-validated,d3619add2942,37604,test007_s15_V7_A6_DC_PRESERVATION_5915
test007,15.0,1,V7_OPT_BASE,standard,22.541,0.5513,0.005571,42.33,0.007,1.1256781193490055,150.0,150.0,150,0.5596,0.355469167841229,0.09077910726477471,,,,0.0,0.0,0.6047,0.1637,0.566,0.2311,14.8,0,150,0.01,20275915,v7.0.0-validated,d3619add2942,37604,test007_s15_V7_OPT_BASE_5915
test008,15.0,1,LASSO-ADMM,standard,21.733644977829094,0.7250318043788171,0.006708655677220122,178.6762758998666,0.009389400016516447,4.751523133173774,99.97824699500053,100.0,100,0.08106984103580843,0.05489620690187741,0.013151264823673852,,,,0.000488662368395895,0.0048806857800659,0.7432123138028373,0.3039495433401316,0.666559834742894,0.5429404950271248,34.74819168173599,0,3759582,0.0,20275916,v7.0.0-fixed,audit_baseline,37604,test008_s15_LASSO-ADMM_5916
test008,15.0,1,OMP,standard,24.090846190300223,0.6969375187790806,0.0038986601679965273,167.2315839000512,0.009685399942100048,4.447175404213679,37.92428996915222,38.0,38,6.604705713567373e-07,3.6920257975287754e-07,1.0714247470053665e-07,,,,0.0,0.0,0.8804106918567863,0.14308722402421412,0.8627189144206193,0.5925670307680034,37.92428996915222,0,1426105,0.0,20275916,v7.0.0-fixed,audit_baseline,37604,test008_s15_OMP_5916
test008,15.0,1,V7_A6_DC_PRESERVATION,dc_preserving,21.0163,0.4266,0.007913,56.506,0.007,1.5026592915647272,97.8,98.0,150,0.6306,1.1347194211320761,0.10367000139475832,0.6306,1.1347194211320761,0.10367000139475832,0.0,0.0,0.6791,0.048,0.675,0.2676,16.9,0,150,0.01,20275916,v7.0.0-validated,d3619add2942,37604,test008_s15_V7_A6_DC_PRESERVATION_5916
test008,15.0,1,V7_OPT_BASE,standard,20.5126,0.4041,0.008887,41.939,0.007,1.1152802893309222,150.0,150.0,150,0.6294,0.4341658643535129,0.10210216245970194,,,,0.0,0.0,0.7265,0.183,0.6808,0.2807,18.0,0,150,0.01,20275916,v7.0.0-validated,d3619add2942,37604,test008_s15_V7_OPT_BASE_5916
test009,15.0,1,LASSO-ADMM,standard,22.839916591414525,0.6956353453600639,0.00520005983431537,179.63054589997046,0.010037200059741735,4.776899954791258,99.85275502606106,100.0,100,0.0783211537383927,0.06854868110177421,0.012705368864043,,,,0.00044223861269464097,0.0043857291868916,0.6228637445731027,0.2540518838242854,0.5552190034848627,0.5167003510264866,33.06882246569514,0,3754863,0.0,20275917,v7.0.0-fixed,audit_baseline,37604,test009_s15_LASSO-ADMM_5917
test009,15.0,1,OMP,standard,25.91326467866658,0.6396516575009465,0.0025625569868589085,166.72056769998744,0.010890800040215254,4.433585993510994,37.91886501436017,38.0,38,7.013457358228682e-07,3.875999663243658e-07,1.1377330196918602e-07,,,,0.0,0.0,0.691805910629221,0.11193121327058073,0.6779580040560174,0.5924822658493777,37.91886501436017,0,1425901,0.0,20275917,v7.0.0-fixed,audit_baseline,37604,test009_s15_OMP_5917
test009,15.0,1,V7_A6_DC_PRESERVATION,dc_preserving,24.3044,0.6441,0.003712,57.657,0.007,1.5332677374747368,97.8,98.0,150,0.5224,1.1062323167628216,0.08588203096831865,0.5224,1.1062323167628216,0.08588203096831865,0.0,0.0,0.4817,0.0473,0.4724,0.1946,12.3,0,150,0.01,20275917,v7.0.0-validated,d3619add2942,37604,test009_s15_V7_A6_DC_PRESERVATION_5917
test009,15.0,1,V7_OPT_BASE,standard,21.561,0.4568,0.006981,47.821,0.007,1.2716998191681734,150.0,150.0,150,0.5888,0.526153885914563,0.095515972761793,,,,0.0,0.0,0.6913,0.3304,0.4792,0.2418,15.5,0,150,0.01,20275917,v7.0.0-validated,d3619add2942,37604,test009_s15_V7_OPT_BASE_5917
test010,15.0,1,LASSO-ADMM,standard,23.59883111955687,0.6540409523644489,0.004366333339608502,180.07755440007895,0.015221300069242716,4.788787214128256,99.999095840868,100.0,100,0.07831179958990275,0.039748137925920135,0.012703851420781493,,,,0.0009049390428832658,0.007563927067169326,0.6220807762477655,0.2890362187874506,0.5403168925246152,0.5343505677587491,34.19843633655994,0,3760366,0.0,20275918,v7.0.0-fixed,audit_baseline,37604,test010_s15_LASSO-ADMM_5918
test010,15.0,1,OMP,standard,26.183862101795576,0.5959430664068585,0.0024077632962646754,167.0394188000355,0.012144299922510982,4.442065173918612,37.8703861291352,38.0,38,1.4085564032072815e-06,6.28742915879614e-07,2.284980214711206e-07,,,,0.0,0.0,0.6645187371193907,0.10912121340309557,0.6508659189134095,0.5917247832677375,37.8703861291352,0,1424078,0.0,20275918,v7.0.0-fixed,audit_baseline,37604,test010_s15_OMP_5918
test010,15.0,1,V7_A6_DC_PRESERVATION,dc_preserving,25.861,0.6612,0.002594,56.969,0.007,1.514971811509414,97.8,98.0,150,0.4817,1.0845184209663805,0.07919099218499061,0.4817,1.0845184209663805,0.07919099218499061,0.0,0.0,0.395,0.0471,0.3871,0.1679,10.6,0,150,0.01,20275918,v7.0.0-validated,d3619add2942,37604,test010_s15_V7_A6_DC_PRESERVATION_5918
test010,15.0,1,V7_OPT_BASE,standard,25.0453,0.6442,0.003129,40.638,0.008,1.080682906073822,150.0,150.0,150,0.4795,0.24530817183838446,0.07778517143220064,,,,0.0,0.0,0.4327,0.141,0.3927,0.1787,11.4,0,150,0.01,20275918,v7.0.0-validated,d3619add2942,37604,test010_s15_V7_OPT_BASE_5918
test001,25.0,1,LASSO-ADMM,standard,18.654138456814916,0.607297343314201,0.013632834243458002,185.45185660012066,0.010344100184738636,4.931705579196912,99.97585363259228,100.0,100,0.08552701993054405,0.05003264892987953,0.01387431471821191,,,,0.0006895935531012632,0.008202106637492854,1.054639231910537,0.4965800983480595,0.9100637982141297,0.5895724191575364,37.73263482608233,0,3759492,0.0,20285909,v7.0.0-fixed,audit_baseline,37604,test001_s25_LASSO-ADMM_5909
test001,25.0,1,OMP,standard,21.655520927553027,0.5830168439683734,0.006830427834484219,172.59975919988938,0.010060400003567338,4.589930837142043,37.92234868630997,38.0,38,1.0253621615587343e-06,3.7881055420072313e-07,1.663357070217684e-07,,,,0.0,0.0,1.1136794759736428,0.18024913991060693,1.0913762648061611,0.5925366982235932,37.92234868630997,0,1426032,0.0,20285909,v7.0.0-fixed,audit_baseline,37604,test001_s25_OMP_5909
test001,25.0,1,V7_A6_DC_PRESERVATION,dc_preserving,21.2953,0.4239,0.007421,65.002,0.007,1.7285927029039463,97.8,98.0,150,0.7678,1.038049397008414,0.12622554245305334,0.7678,1.038049397008414,0.12622554245305334,0.0,0.0,0.7046,0.0873,0.6909,0.3735,23.5,0,150,0.01,20285909,v7.0.0-validated,d3619add2942,37604,test001_s25_V7_A6_DC_PRESERVATION_5909
test001,25.0,1,V7_OPT_BASE,standard,20.2778,0.4203,0.00938,39.364,0.007,1.046803531539198,150.0,150.0,150,0.7695,0.4560455062325274,0.12482938356012177,,,,0.0,0.0,0.8227,0.2966,0.7342,0.3894,24.9,0,150,0.01,20285909,v7.0.0-validated,d3619add2942,37604,test001_s25_V7_OPT_BASE_5909
test002,25.0,1,LASSO-ADMM,standard,15.215602729205797,0.3952474760860148,0.030091215233902003,187.07704759994522,0.010459699900820851,4.974924146365951,99.99960110626529,100.0,100,0.0846146561179099,0.03170423526656619,0.013726309763938115,,,,0.001043249926601158,0.01584333105693423,1.367946668263001,0.817244274820659,1.0722234236776012,0.6105583847463036,39.07573662376343,0,3760385,0.0,20285910,v7.0.0-fixed,audit_baseline,37604,test002_s25_LASSO-ADMM_5910
test002,25.0,1,OMP,standard,22.792240675586402,0.4260017231572904,0.005257459458699176,171.2727691999171,0.009818200021982193,4.554642304008007,37.838740559514946,38.0,38,2.9835671082009965e-06,7.363940074004297e-07,4.839984963313651e-07,,,,0.0,0.0,0.8917358685251862,0.14317326094492347,0.8742362041481752,0.591230321242421,37.838740559514946,0,1422888,0.0,20285910,v7.0.0-fixed,audit_baseline,37604,test002_s25_OMP_5910
test002,25.0,1,V7_A6_DC_PRESERVATION,dc_preserving,24.4988,0.704,0.003549,56.485,0.007,1.5021008403361344,97.8,98.0,150,0.6058,1.1372497332615266,0.09959290650958545,0.6058,1.1372497332615266,0.09959290650958545,0.0,0.0,0.4375,0.143,0.3442,0.2645,16.7,0,150,0.01,20285910,v7.0.0-validated,d3619add2942,37604,test002_s25_V7_A6_DC_PRESERVATION_5910
test002,25.0,1,V7_OPT_BASE,standard,18.8281,0.4858,0.013098,35.701,0.007,0.9493936815232422,150.0,150.0,150,0.6708,0.25141132954361417,0.10881812929451551,,,,0.0,0.0,0.8693,0.5305,0.6242,0.3399,21.8,0,150,0.01,20285910,v7.0.0-validated,d3619add2942,37604,test002_s25_V7_OPT_BASE_5910
test003,25.0,1,LASSO-ADMM,standard,18.831652305353728,0.41544171735971863,0.013086839298297908,186.73816470010206,0.010747400112450123,4.9659122619961185,99.99965429209658,100.0,100,0.08454660049566451,0.03995843376498698,0.013715269684181528,,,,0.0009492294504110326,0.010614219140597455,1.0419245880357295,0.5323815547197832,0.8775855810708416,0.5931736816562068,37.96311562599723,0,3760387,0.0,20285911,v7.0.0-fixed,audit_baseline,37604,test003_s25_LASSO-ADMM_5911
test003,25.0,1,OMP,standard,22.255689199116414,0.377362862544902,0.005948823450321377,171.41240480006672,0.009173400001600385,4.558355621744142,37.90003723008191,38.0,38,1.3723996740688651e-06,4.783479592257847e-07,2.2263262548684663e-07,,,,0.0,0.0,1.012033643099502,0.16253163381521313,0.9920832858410679,0.5921880817200298,37.90003723008191,0,1425193,0.0,20285911,v7.0.0-fixed,audit_baseline,37604,test003_s25_OMP_5911
test003,25.0,1,V7_A6_DC_PRESERVATION,dc_preserving,24.4268,0.7195,0.003608,49.294,0.007,1.3108711839166045,97.8,98.0,150,0.685,1.0377937967930868,0.11261330630416976,0.685,1.0377937967930868,0.11261330630416976,0.0,0.0,0.4114,0.0818,0.3847,0.3238,20.4,0,150,0.01,20285911,v7.0.0-validated,d3619add2942,37604,test003_s25_V7_A6_DC_PRESERVATION_5911
test003,25.0,1,V7_OPT_BASE,standard,22.4355,0.6679,0.005708,37.341,0.007,0.9930060631847676,150.0,150.0,150,0.6807,0.324027599456551,0.11042412136371006,,,,0.0,0.0,0.5603,0.266,0.4556,0.3367,21.6,0,150,0.01,20285911,v7.0.0-validated,d3619add2942,37604,test003_s25_V7_OPT_BASE_5911
test004,25.0,1,LASSO-ADMM,standard,21.513162085772507,0.4608988654076581,0.007058034736333234,186.3974788999185,0.007794099859893322,4.956852433249614,99.99984044250611,100.0,100,0.08394561602069447,0.0458967988149856,0.013617777128574367,,,,0.0007298475835336637,0.00710771004554569,0.834219763538724,0.3601399345815899,0.7400844782805142,0.5743916039517073,36.76106265290927,0,3760394,0.0,20285912,v7.0.0-fixed,audit_baseline,37604,test004_s25_LASSO-ADMM_5912
test004,25.0,1,OMP,standard,22.510780765061988,0.40403523475639025,0.005609471211280533,171.32128999987617,0.010117800207808614,4.555932613548457,37.915381342410384,38.0,38,9.042565074236965e-07,4.112395614866252e-07,1.4668977570101201e-07,,,,0.0,0.0,0.9776155671783188,0.15719506953289855,0.9583345994557159,0.5924278334751623,37.915381342410384,0,1425770,0.0,20285912,v7.0.0-fixed,audit_baseline,37604,test004_s25_OMP_5912
test004,25.0,1,V7_A6_DC_PRESERVATION,dc_preserving,26.7336,0.7044,0.002121,50.487,0.007,1.3425965322837996,97.8,98.0,150,0.6669,1.0280586755098657,0.10963768463394279,0.6669,1.0280586755098657,0.10963768463394279,0.0,0.0,0.3936,0.0782,0.3765,0.3171,20.0,0,150,0.01,20285912,v7.0.0-validated,d3619add2942,37604,test004_s25_V7_A6_DC_PRESERVATION_5912
test004,25.0,1,V7_OPT_BASE,standard,25.7541,0.6769,0.002658,38.457,0.007,1.0226837570471226,150.0,150.0,150,0.661,0.3625187630549053,0.10722835936743405,,,,0.0,0.0,0.4475,0.1721,0.3886,0.3241,20.7,0,150,0.01,20285912,v7.0.0-validated,d3619add2942,37604,test004_s25_V7_OPT_BASE_5912
test005,25.0,1,LASSO-ADMM,standard,14.363217294151811,0.4714515584905836,0.03661662147897446,186.71577990008518,0.009789600037038326,4.965316984897489,100.0,100.0,100,0.0859184671830644,0.02441251243629291,0.013937815847813489,,,,0.0013148338226595451,0.020188594752044625,1.6479747125159474,1.0487932211635658,1.2582598033387205,0.6389026931975321,40.889772364642056,0,3760400,0.0,20285913,v7.0.0-fixed,audit_baseline,37604,test005_s25_LASSO-ADMM_5913
test005,25.0,1,OMP,standard,22.37911773754587,0.5317998861596384,0.005782134986440864,170.79080389998853,0.009634400019422174,4.541825441442095,37.83124135730242,38.0,38,3.3501315814271926e-06,7.870508598218941e-07,5.434631061141681e-07,,,,0.0,0.0,0.972197240449579,0.15557540626184427,0.9531268349606801,0.5911131462078503,37.83124135730242,0,1422606,0.0,20285913,v7.0.0-fixed,audit_baseline,37604,test005_s25_OMP_5913
test005,25.0,1,V7_A6_DC_PRESERVATION,dc_preserving,22.9585,0.5706,0.00506,87.027,0.006,2.314301670035103,97.8,98.0,150,0.6724,1.1188956488255413,0.11054187906412224,0.6724,1.1188956488255413,0.11054187906412224,0.0,0.0,0.5881,0.1232,0.5324,0.3091,19.5,0,150,0.01,20285913,v7.0.0-validated,d3619add2942,37604,test005_s25_V7_A6_DC_PRESERVATION_5913
test005,25.0,1,V7_OPT_BASE,standard,18.3539,0.4206,0.014608,53.273,0.008,1.4166843952770982,150.0,150.0,150,0.7103,0.2017998808992429,0.11522587542918064,,,,0.0,0.0,1.0491,0.606,0.8039,0.3698,23.7,0,150,0.01,20285913,v7.0.0-validated,d3619add2942,37604,test005_s25_V7_OPT_BASE_5913
test006,25.0,1,LASSO-ADMM,standard,15.45159900923206,0.3284315520988434,0.028499687571876143,186.87639309978113,0.009460699977353215,4.9695881581688415,100.0,100.0,100,0.08487465450052264,0.02717461204181306,0.013768487071057251,,,,0.0012801597433960024,0.018996248594565508,1.4616322842252605,0.9183630017691646,1.1190088017223359,0.622699712796511,39.85278161897671,0,3760400,0.0,20285914,v7.0.0-fixed,audit_baseline,37604,test006_s25_LASSO-ADMM_5914
test006,25.0,1,OMP,standard,23.121562048299786,0.34334168295619266,0.004873531698671768,170.273031800054,0.00936349993571639,4.528056371664026,37.83323582597596,38.0,38,3.1551120175109476e-06,7.814035315080376e-07,5.118267553073733e-07,,,,0.0,0.0,0.8802130636834122,0.139599148632266,0.863195837164217,0.5911443097808744,37.83323582597596,0,1422681,0.0,20285914,v7.0.0-fixed,audit_baseline,37604,test006_s25_OMP_5914
test006,25.0,1,V7_A6_DC_PRESERVATION,dc_preserving,28.8115,0.8082,0.001315,72.898,0.008,1.9385703648548025,97.8,98.0,150,0.5919,1.055137024354589,0.09730776058604099,0.5919,1.055137024354589,0.09730776058604099,0.0,0.0,0.2976,0.1015,0.2513,0.2626,16.5,0,150,0.01,20285914,v7.0.0-validated,d3619add2942,37604,test006_s25_V7_A6_DC_PRESERVATION_5914
test006,25.0,1,V7_OPT_BASE,standard,20.7357,0.538,0.008442,54.69,0.012,1.454366556749282,150.0,150.0,150,0.6392,0.20500793328596803,0.10369193238678343,,,,0.0,0.0,0.7783,0.5018,0.5541,0.3202,20.5,0,150,0.01,20285914,v7.0.0-validated,d3619add2942,37604,test006_s25_V7_OPT_BASE_5914
test007,25.0,1,LASSO-ADMM,standard,20.887250976389037,0.5653718310296812,0.008152201437396589,188.60719359992072,0.01055530016310513,5.01561518987131,99.99912243378364,100.0,100,0.08475059759045764,0.050785454906830466,0.013748362382805418,,,,0.0005821107730599523,0.005997142140404649,0.8788504114575147,0.36190788900186477,0.7879462939363651,0.5742976977183278,36.75505265397298,0,3760367,0.0,20285915,v7.0.0-fixed,audit_baseline,37604,test007_s25_LASSO-ADMM_5915
test007,25.0,1,OMP,standard,22.161383060512048,0.5251883203750124,0.006079413645578875,171.945722799981,0.010271099861711264,4.572538102329034,37.93014041059462,38.0,38,7.108440094458995e-07,3.473475509412633e-07,1.1531412541460304e-07,,,,0.0,0.0,1.0467449683238301,0.16961884144515854,1.0257037538578553,0.5926584439155409,37.93014041059462,0,1426325,0.0,20285915,v7.0.0-fixed,audit_baseline,37604,test007_s25_OMP_5915
test007,25.0,1,V7_A6_DC_PRESERVATION,dc_preserving,23.2636,0.5676,0.004717,88.244,0.015,2.3466652483778323,97.8,98.0,150,0.7306,1.0216214171582343,0.12010990012529404,0.7306,1.0216214171582343,0.12010990012529404,0.0,0.0,0.5778,0.0773,0.5664,0.3523,22.2,0,150,0.01,20285915,v7.0.0-validated,d3619add2942,37604,test007_s25_V7_A6_DC_PRESERVATION_5915
test007,25.0,1,V7_OPT_BASE,standard,22.4476,0.5467,0.005692,40.201,0.007,1.0690618019359643,150.0,150.0,150,0.724,0.43648512476776874,0.11744830889867208,,,,0.0,0.0,0.6295,0.2021,0.5734,0.36,23.0,0,150,0.01,20285915,v7.0.0-validated,d3619add2942,37604,test007_s25_V7_OPT_BASE_5915
test008,25.0,1,LASSO-ADMM,standard,20.205805589590845,0.5812117921562839,0.009537168178205413,186.95758719998412,0.01282960013486445,4.9717473460265955,99.99920221253058,100.0,100,0.08543715515320062,0.05490918966307626,0.013859736726321658,,,,0.0004900003134473334,0.005341292827660803,0.9355099289309413,0.3726843117048215,0.8445878698024168,0.5765688989203276,36.900409530900966,0,3760370,0.0,20285916,v7.0.0-fixed,audit_baseline,37604,test008_s25_LASSO-ADMM_5916
test008,25.0,1,OMP,standard,21.45764212753747,0.5432366585195075,0.0071488434588494465,171.26375479996204,0.009018999990075827,4.554402584830392,37.93870332943304,38.0,38,5.626185156488165e-07,2.953342445275809e-07,9.12687751630312e-08,,,,0.0,0.0,1.1530632750361969,0.1855911908367593,1.130314730714269,0.5927922395223912,37.93870332943304,0,1426647,0.0,20285916,v7.0.0-fixed,audit_baseline,37604,test008_s25_OMP_5916
test008,25.0,1,V7_A6_DC_PRESERVATION,dc_preserving,21.0221,0.4284,0.007903,53.016,0.007,1.4098500159557494,97.8,98.0,150,0.778,1.0496672990457931,0.12790241212356798,0.778,1.0496672990457931,0.12790241212356798,0.0,0.0,0.6868,0.0784,0.6765,0.3783,23.8,0,150,0.01,20285916,v7.0.0-validated,d3619add2942,37604,test008_s25_V7_A6_DC_PRESERVATION_5916
test008,25.0,1,V7_OPT_BASE,standard,20.4666,0.4046,0.008981,39.341,0.007,1.0461918944793107,150.0,150.0,150,0.7728,0.5016066741410672,0.1253647142498533,,,,0.0,0.0,0.7489,0.2209,0.6869,0.3883,24.8,0,150,0.01,20285916,v7.0.0-validated,d3619add2942,37604,test008_s25_V7_OPT_BASE_5916
test009,25.0,1,LASSO-ADMM,standard,21.037701304306673,0.5182788697259514,0.007874624787669317,186.62623839988373,0.010608399985358119,4.962935815335702,99.9863312413573,100.0,100,0.08344159437364351,0.0661432973535483,0.01353601402070909,,,,0.0004391424266987104,0.004810645404742181,0.8261761491140809,0.3244876347790283,0.7441555545675577,0.5579226943942134,35.707052441229656,0,3759886,0.0,20285917,v7.0.0-fixed,audit_baseline,37604,test009_s25_LASSO-ADMM_5917
test009,25.0,1,OMP,standard,22.56080794179986,0.4727887313373473,0.005545225424972462,172.26412519998848,0.009062000084668398,4.581005350494322,37.93886288692692,38.0,38,5.794275584698595e-07,3.010201193921704e-07,9.399556197730861e-08,,,,0.0,0.0,0.9847088796686503,0.1582317091679745,0.9653162116156112,0.5927947326082331,37.93886288692692,0,1426653,0.0,20285917,v7.0.0-fixed,audit_baseline,37604,test009_s25_OMP_5917
test009,25.0,1,V7_A6_DC_PRESERVATION,dc_preserving,24.2099,0.6382,0.003793,54.681,0.006,1.4541272205084566,97.8,98.0,150,0.682,1.0402389568407,0.11212010934225368,0.682,1.0402389568407,0.11212010934225368,0.0,0.0,0.4954,0.0793,0.4742,0.3206,20.2,0,150,0.01,20285917,v7.0.0-validated,d3619add2942,37604,test009_s25_V7_A6_DC_PRESERVATION_5917
test009,25.0,1,V7_OPT_BASE,standard,21.9509,0.4981,0.006381,44.543,0.007,1.1845282416764173,150.0,150.0,150,0.7217,0.5785180933848388,0.11707519963007133,,,,0.0,0.0,0.6816,0.3314,0.4845,0.351,22.5,0,150,0.01,20285917,v7.0.0-validated,d3619add2942,37604,test009_s25_V7_OPT_BASE_5917
test010,25.0,1,LASSO-ADMM,standard,20.96223338569314,0.4507096213036307,0.008012659015725369,185.83723050006665,0.009892100002616644,4.941953794810835,100.0,100.0,100,0.08438898863116405,0.041544058114288254,0.013689701663535198,,,,0.0008247884129913452,0.008109034051706144,0.8807342170732976,0.4016413381268345,0.7719679145506398,0.582213660780768,37.26167428996915,0,3760400,0.0,20285918,v7.0.0-fixed,audit_baseline,37604,test010_s25_LASSO-ADMM_5918
test010,25.0,1,OMP,standard,22.35608556148619,0.4007437621662821,0.005812881155041257,172.1720585001167,0.013864399865269661,4.578557028510709,37.91338687373683,38.0,38,9.736982879384572e-07,4.158426890785887e-07,1.5795472002196693e-07,,,,0.0,0.0,1.0016386875289476,0.15986354499653993,0.9820743207891248,0.592396669902138,37.91338687373683,0,1425695,0.0,20285918,v7.0.0-fixed,audit_baseline,37604,test010_s25_OMP_5918
test010,25.0,1,V7_A6_DC_PRESERVATION,dc_preserving,25.786,0.6556,0.002639,53.161,0.007,1.4137059887246037,97.8,98.0,150,0.6782,1.030766318009311,0.11149539319049333,0.6782,1.030766318009311,0.11149539319049333,0.0,0.0,0.4059,0.0773,0.3877,0.3244,20.4,0,150,0.01,20285918,v7.0.0-validated,d3619add2942,37604,test010_s25_V7_A6_DC_PRESERVATION_5918
test010,25.0,1,V7_OPT_BASE,standard,24.8078,0.631,0.003305,37.991,0.008,1.010291458355494,150.0,150.0,150,0.6716,0.3317309917851073,0.10894790643142012,,,,0.0,0.0,0.4655,0.1816,0.4036,0.3324,21.3,0,150,0.01,20285918,v7.0.0-validated,d3619add2942,37604,test010_s25_V7_OPT_BASE_5918
test001,50.0,1,LASSO-ADMM,standard,15.873973131171992,0.37227108052738217,0.02585846178423378,194.70737219997682,0.009416100103408098,5.177836724815892,99.99869694713328,100.0,100,0.09128543520853216,0.0451817763474567,0.014808453028068233,,,,0.0006127458096082742,0.00806393184649664,1.4843494946882037,0.6544931524280279,1.3091201610497467,0.6316631874268694,40.426443995319644,0,3760351,0.0,20310909,v7.0.0-fixed,audit_baseline,37604,test001_s50_LASSO-ADMM_0909
test001,50.0,1,OMP,standard,17.194626438361734,0.34550095901334366,0.01907819819477495,172.5489635001868,0.010892799822613597,4.588580031384607,37.94325071800872,38.0,38,7.555627935736941e-07,2.7761642528140994e-07,1.2256847012705362e-07,,,,0.0,0.0,1.753612886425132,0.2811874031497143,1.71906756732798,0.5928632924688862,37.94325071800872,0,1426818,0.0,20310909,v7.0.0-fixed,audit_baseline,37604,test001_s50_OMP_0909
test001,50.0,1,V7_A6_DC_PRESERVATION,dc_preserving,20.8641,0.4198,0.008196,57.802,0.007,1.5371237102435913,97.8,98.0,150,1.1042,0.9735585373401539,0.18152936178257553,1.1042,0.9735585373401539,0.18152936178257553,0.0,0.0,0.8038,0.1899,0.7538,0.5454,34.4,0,150,0.01,20310909,v7.0.0-validated,d3619add2942,37604,test001_s50_V7_A6_DC_PRESERVATION_0909
test001,50.0,1,V7_OPT_BASE,standard,19.29,0.4084,0.011776,35.153,0.008,0.9348207637485373,150.0,150.0,150,1.0676,0.5308141153954806,0.1731875891992021,,,,0.0,0.0,1.005,0.4113,0.8741,0.5469,35.0,0,150,0.01,20310909,v7.0.0-validated,d3619add2942,37604,test001_s50_V7_OPT_BASE_0909
test002,50.0,1,LASSO-ADMM,standard,13.27209766603309,0.2142489287188147,0.047074989670900416,194.37581330002286,0.010397000005468726,5.169019606957315,100.0,100.0,100,0.09069867952680613,0.031567786513980615,0.01471326868752209,,,,0.0009548913215875334,0.01457959527378367,1.777958434846345,0.9740003261118919,1.4579786902140508,0.6542655036698224,41.87299223486863,0,3760400,0.0,20310910,v7.0.0-fixed,audit_baseline,37604,test002_s50_LASSO-ADMM_0910
test002,50.0,1,OMP,standard,17.467252196162338,0.20716773052594298,0.017917391381776483,172.05050090001896,0.012631400022655725,4.575324457505025,37.90633975109031,38.0,38,1.872110967091282e-06,4.629403420111161e-07,3.03696501596034e-07,,,,0.0,0.0,1.5911799746208142,0.25312289393984033,1.5603637343806294,0.592286558610786,37.90633975109031,0,1425430,0.0,20310910,v7.0.0-fixed,audit_baseline,37604,test002_s50_OMP_0910
test002,50.0,1,V7_A6_DC_PRESERVATION,dc_preserving,22.7348,0.6363,0.005327,56.384,0.007,1.4994149558557601,97.8,98.0,150,1.011,1.0428035305767647,0.1662073761657162,1.011,1.0428035305767647,0.1662073761657162,0.0,0.0,0.6145,0.2892,0.4128,0.4982,31.4,0,150,0.01,20310910,v7.0.0-validated,d3619add2942,37604,test002_s50_V7_A6_DC_PRESERVATION_0910
test002,50.0,1,V7_OPT_BASE,standard,17.3741,0.3638,0.018306,32.943,0.007,0.8760504201680672,150.0,150.0,150,0.9863,0.34152606646000794,0.1599989876612711,,,,0.0,0.0,1.1633,0.707,0.83,0.5142,32.9,0,150,0.01,20310910,v7.0.0-validated,d3619add2942,37604,test002_s50_V7_OPT_BASE_0910
test003,50.0,1,LASSO-ADMM,standard,15.530173967305167,0.218536734009991,0.027988692018191017,195.97838460002095,0.008643999928608537,5.211636650356902,100.0,100.0,100,0.09156315602707026,0.03839996246682944,0.01485350529392908,,,,0.0007651083288636652,0.009964865946017533,1.5684415305259787,0.7453906767782916,1.3589197245621185,0.6436811077279013,41.195590894585685,0,3760400,0.0,20310911,v7.0.0-fixed,audit_baseline,37604,test003_s50_LASSO-ADMM_0911
test003,50.0,1,OMP,standard,17.16617669046836,0.20214067690884566,0.019203585835562337,172.23675099993125,0.011770300101488829,4.580277390701288,37.93662908201255,38.0,38,9.252350521211238e-07,3.081627771270249e-07,1.500929450350839e-07,,,,0.0,0.0,1.7600887991751053,0.2818300266310895,1.7255851174645565,0.5927598294064461,37.93662908201255,0,1426569,0.0,20310911,v7.0.0-fixed,audit_baseline,37604,test003_s50_OMP_0911
test003,50.0,1,V7_A6_DC_PRESERVATION,dc_preserving,23.6563,0.6224,0.004309,57.555,0.006,1.530555260078715,97.8,98.0,150,1.1123,0.9726673045125565,0.18286099357974894,1.1123,0.9726673045125565,0.18286099357974894,0.0,0.0,0.5384,0.1649,0.4694,0.5505,34.7,0,150,0.01,20310911,v7.0.0-validated,d3619add2942,37604,test003_s50_V7_A6_DC_PRESERVATION_0911
test003,50.0,1,V7_OPT_BASE,standard,20.5847,0.479,0.00874,32.99,0.008,0.8773002872034891,150.0,150.0,150,1.0603,0.44544734681541553,0.17200337282494754,,,,0.0,0.0,0.8613,0.4177,0.6977,0.5473,35.0,0,150,0.01,20310911,v7.0.0-validated,d3619add2942,37604,test003_s50_V7_OPT_BASE_0911
test004,50.0,1,LASSO-ADMM,standard,16.999771594259045,0.21188191257116104,0.019953672532931253,195.0619273998309,0.009441599948331714,5.187265381337913,100.0,100.0,100,0.09137011251733043,0.04337926680080285,0.014822189501439015,,,,0.0005967671259175475,0.007317009537245983,1.3942555585268306,0.5818719254860439,1.2514305718908476,0.6296259207797043,40.29605892990107,0,3760400,0.0,20310912,v7.0.0-fixed,audit_baseline,37604,test004_s50_LASSO-ADMM_0912
test004,50.0,1,OMP,standard,17.25812141414699,0.18779841489579902,0.01880129910639535,171.58814330003224,0.009497200138866901,4.5630290208497035,37.94763854909052,38.0,38,6.181440717077575e-07,2.5879128861225767e-07,1.0027620977598841e-07,,,,0.0,0.0,1.7443619160048338,0.2755686020953619,1.7110245653250569,0.5929318523295394,37.94763854909052,0,1426983,0.0,20310912,v7.0.0-fixed,audit_baseline,37604,test004_s50_OMP_0912
test004,50.0,1,V7_A6_DC_PRESERVATION,dc_preserving,25.6926,0.6271,0.002696,59.486,0.006,1.5819061801935963,97.8,98.0,150,1.109,0.9819602789259972,0.18231847692164124,1.109,0.9819602789259972,0.18231847692164124,0.0,0.0,0.5069,0.1579,0.455,0.5497,34.6,0,150,0.01,20310912,v7.0.0-validated,d3619add2942,37604,test004_s50_V7_A6_DC_PRESERVATION_0912
test004,50.0,1,V7_OPT_BASE,standard,23.8315,0.5351,0.004139,34.049,0.007,0.9054621848739496,150.0,150.0,150,1.0742,0.5103433719296113,0.17425825057866515,,,,0.0,0.0,0.6793,0.2916,0.5695,0.5497,35.2,0,150,0.01,20310912,v7.0.0-validated,d3619add2942,37604,test004_s50_V7_OPT_BASE_0912
test005,50.0,1,LASSO-ADMM,standard,12.54546559546269,0.2877940830364524,0.05564849717993137,194.197335699806,0.009310599882155657,5.1642733671898196,100.0,100.0,100,0.0910636954044843,0.025196523874049,0.014772482081934334,,,,0.0011919482028196601,0.017868583020849003,2.0002703086068654,1.1854192783235804,1.5942905940354177,0.6728431483352835,43.06196149345814,0,3760400,0.0,20310913,v7.0.0-fixed,audit_baseline,37604,test005_s50_LASSO-ADMM_0913
test005,50.0,1,OMP,standard,17.4470001676721,0.28878896698352996,0.018001138909193425,171.16834229999222,0.010053399950265884,4.551865288266998,37.89687267311988,38.0,38,2.079047360384587e-06,4.954397101693044e-07,3.372660173997483e-07,,,,0.0,0.0,1.6277905424881522,0.2573825913576143,1.5965644271409405,0.5921386355174981,37.89687267311988,0,1425074,0.0,20310913,v7.0.0-fixed,audit_baseline,37604,test005_s50_OMP_0913
test005,50.0,1,V7_A6_DC_PRESERVATION,dc_preserving,21.8143,0.5543,0.006585,56.931,0.007,1.5139612807148175,97.8,98.0,150,1.0338,1.0251135555927084,0.16995567307627837,1.0338,1.0251135555927084,0.16995567307627837,0.0,0.0,0.7311,0.2696,0.5892,0.5107,32.2,0,150,0.01,20310913,v7.0.0-validated,d3619add2942,37604,test005_s50_V7_A6_DC_PRESERVATION_0913
test005,50.0,1,V7_OPT_BASE,standard,16.5744,0.3533,0.022007,32.123,0.008,0.8542442293373045,150.0,150.0,150,0.9732,0.2680798550763047,0.1578738870444581,,,,0.0,0.0,1.3921,0.8312,1.0438,0.5155,33.0,0,150,0.01,20310913,v7.0.0-validated,d3619add2942,37604,test005_s50_V7_OPT_BASE_0913
test006,50.0,1,LASSO-ADMM,standard,13.293633159068506,0.15803366290577248,0.0468421352909311,195.3818745999597,0.011633400106802583,5.195773710242519,100.0,100.0,100,0.09075985713681321,0.027718059178168254,0.014723193006358824,,,,0.0011298726741025011,0.016706031473643787,1.8790062223437554,1.0840015615415182,1.512279892331935,0.6652517019466014,42.57610892458249,0,3760400,0.0,20310914,v7.0.0-fixed,audit_baseline,37604,test006_s50_LASSO-ADMM_0914
test006,50.0,1,OMP,standard,17.74106246738329,0.14925173622099572,0.01682262458410299,171.39592059981078,0.008675800170749426,4.557917258797223,37.90048930964791,38.0,38,1.9374349995609555e-06,4.773671166131112e-07,3.142934589772565e-07,,,,0.0,0.0,1.5906585006517475,0.2517943582950738,1.5600836714908164,0.5921951454632486,37.90048930964791,0,1425210,0.0,20310914,v7.0.0-fixed,audit_baseline,37604,test006_s50_OMP_0914
test006,50.0,1,V7_A6_DC_PRESERVATION,dc_preserving,25.9854,0.7264,0.00252,56.849,0.007,1.5117806616317413,97.8,98.0,150,1.017,1.020261376187056,0.16719377008954836,1.017,1.020261376187056,0.16719377008954836,0.0,0.0,0.4522,0.2342,0.3103,0.5078,32.0,0,150,0.01,20310914,v7.0.0-validated,d3619add2942,37604,test006_s50_V7_A6_DC_PRESERVATION_0914
test006,50.0,1,V7_OPT_BASE,standard,18.2654,0.3479,0.014909,32.259,0.008,0.8578608658653335,150.0,150.0,150,0.9665,0.29391649410566834,0.156787003522882,,,,0.0,0.0,1.1554,0.721,0.8391,0.5113,32.7,0,150,0.01,20310914,v7.0.0-validated,d3619add2942,37604,test006_s50_V7_OPT_BASE_0914
test007,50.0,1,LASSO-ADMM,standard,17.115778206968024,0.31618046552058093,0.019427735374237143,194.77475530002266,0.014226899947971106,5.179628637911463,100.0,100.0,100,0.09134838949458646,0.04651066745684053,0.014818665561818236,,,,0.0005179237684059004,0.006414870907136508,1.3780679661956856,0.5485424347644323,1.2480904353593323,0.6250594185458994,40.00380278693756,0,3760400,0.0,20310915,v7.0.0-fixed,audit_baseline,37604,test007_s50_LASSO-ADMM_0915
test007,50.0,1,OMP,standard,17.287724285969933,0.29222037697933473,0.01867357934774994,171.16318990010768,0.011260000057518482,4.551728270931488,37.950031911498776,38.0,38,5.588686936198043e-07,2.451685144680839e-07,9.06604737044974e-08,,,,0.0,0.0,1.7623650905679826,0.2818528430751639,1.7278847348984492,0.5929692486171684,37.950031911498776,0,1427073,0.0,20310915,v7.0.0-fixed,audit_baseline,37604,test007_s50_OMP_0915
test007,50.0,1,V7_A6_DC_PRESERVATION,dc_preserving,22.6973,0.54,0.005374,56.866,0.007,1.512232741197745,97.8,98.0,150,1.1131,0.9659525287522315,0.18299251276959322,1.1131,0.9659525287522315,0.18299251276959322,0.0,0.0,0.6772,0.1634,0.6352,0.551,34.7,0,150,0.01,20310915,v7.0.0-validated,d3619add2942,37604,test007_s50_V7_A6_DC_PRESERVATION_0915
test007,50.0,1,V7_OPT_BASE,standard,21.5511,0.4978,0.006997,34.27,0.007,0.9113392192319967,150.0,150.0,150,1.085,0.5534989383155553,0.17601024192687736,,,,0.0,0.0,0.8033,0.3044,0.7047,0.5528,35.4,0,150,0.01,20310915,v7.0.0-validated,d3619add2942,37604,test007_s50_V7_OPT_BASE_0915
test008,50.0,1,LASSO-ADMM,standard,17.083313574709923,0.3471317797245513,0.019573506866128083,194.6378616997972,0.010881900088861585,5.175988237948016,99.99994681416871,100.0,100,0.09124971223096921,0.049203208206657176,0.01480265799588095,,,,0.0004652451131210033,0.005835029955723648,1.3720541370514967,0.5291150389089461,1.2494426419595464,0.6214444440750984,39.772444420806295,0,3760398,0.0,20310916,v7.0.0-fixed,audit_baseline,37604,test008_s50_LASSO-ADMM_0916
test008,50.0,1,OMP,standard,17.18832047721147,0.31795705976903926,0.019105919882809616,171.29439619998448,0.009575400035828352,4.555217428996503,37.95394107009893,38.0,38,4.923680415771293e-07,2.2763776503406794e-07,7.987264342401231e-08,,,,0.0,0.0,1.7863640323327992,0.2852991254554941,1.75147940551763,0.5930303292202957,37.95394107009893,0,1427220,0.0,20310916,v7.0.0-fixed,audit_baseline,37604,test008_s50_OMP_0916
test008,50.0,1,V7_A6_DC_PRESERVATION,dc_preserving,20.7894,0.4285,0.008338,56.4,0.007,1.4998404425061163,97.8,98.0,150,1.1146,0.9735899989678342,0.18323911125055126,1.1146,0.9735899989678342,0.18323911125055126,0.0,0.0,0.777,0.1706,0.7342,0.5508,34.7,0,150,0.01,20310916,v7.0.0-validated,d3619add2942,37604,test008_s50_V7_A6_DC_PRESERVATION_0916
test008,50.0,1,V7_OPT_BASE,standard,20.0327,0.4009,0.009925,34.641,0.007,0.9212051909371343,150.0,150.0,150,1.0885,0.5887153991751958,0.17657801690083505,,,,0.0,0.0,0.8834,0.3112,0.787,0.5531,35.4,0,150,0.01,20310916,v7.0.0-validated,d3619add2942,37604,test008_s50_V7_OPT_BASE_0916
test009,50.0,1,LASSO-ADMM,standard,17.69847799758121,0.28666429232081936,0.016988389130561183,194.05820879992098,0.012667200062423944,5.160573577276911,100.0,100.0,100,0.09023612604923113,0.055762775890179465,0.014638232605040895,,,,0.0004233551246419026,0.005306044677311311,1.2674349388171993,0.47553272472053426,1.1559811926894334,0.6098009021646633,39.02725773853845,0,3760400,0.0,20310917,v7.0.0-fixed,audit_baseline,37604,test009_s50_LASSO-ADMM_0917
test009,50.0,1,OMP,standard,17.793558246385984,0.2605856125931903,0.016620503470801736,170.96792239998467,0.009155499981716275,4.546535538772064,37.954738857568344,38.0,38,4.592355948388914e-07,2.2392951680556066e-07,7.449785082859605e-08,,,,0.0,0.0,1.639727551252337,0.2624327843357899,1.6075778187204648,0.5930427946495054,37.954738857568344,0,1427250,0.0,20310917,v7.0.0-fixed,audit_baseline,37604,test009_s50_OMP_0917
test009,50.0,1,V7_A6_DC_PRESERVATION,dc_preserving,23.2081,0.6032,0.004777,58.168,0.007,1.5468567173704926,97.8,98.0,150,1.0449,0.9929129903513723,0.17178050183536783,1.0449,0.9929129903513723,0.17178050183536783,0.0,0.0,0.6141,0.2078,0.5206,0.5224,32.9,0,150,0.01,20310917,v7.0.0-validated,d3619add2942,37604,test009_s50_V7_A6_DC_PRESERVATION_0917
test009,50.0,1,V7_OPT_BASE,standard,21.7897,0.5134,0.006623,37.475,0.007,0.996569513881502,150.0,150.0,150,1.0334,0.6413647978204301,0.16763961659653004,,,,0.0,0.0,0.758,0.3671,0.5746,0.5285,33.8,0,150,0.01,20310917,v7.0.0-validated,d3619add2942,37604,test009_s50_V7_OPT_BASE_0917
test010,50.0,1,LASSO-ADMM,standard,16.551497196180335,0.211392428455429,0.022123318940487052,193.86417070007883,0.010145100066438317,5.155413538455452,100.0,100.0,100,0.09176819388850195,0.040299287148963164,0.014886766827196144,,,,0.0006532627023759562,0.008143656734432701,1.4552812555080772,0.6347284322938295,1.2947969669708521,0.6365542063344325,40.73946920540368,0,3760400,0.0,20310918,v7.0.0-fixed,audit_baseline,37604,test010_s50_LASSO-ADMM_0918
test010,50.0,1,OMP,standard,17.074345348777896,0.1883443787111224,0.019613968122160347,170.50005259993486,0.00955790001899004,4.5340935166454335,37.94649505371769,38.0,38,6.618389230424324e-07,2.619700581048225e-07,1.0736445065559679e-07,,,,0.0,0.0,1.7819217958662876,0.2829316747651281,1.7475241086698792,0.5929139852143389,37.94649505371769,0,1426940,0.0,20310918,v7.0.0-fixed,audit_baseline,37604,test010_s50_OMP_0918
test010,50.0,1,V7_A6_DC_PRESERVATION,dc_preserving,24.9928,0.5818,0.003168,58.086,0.007,1.5446760982874161,97.8,98.0,150,1.1264,0.9766783099791511,0.18517901930075448,1.1264,0.9766783099791511,0.18517901930075448,0.0,0.0,0.5293,0.1554,0.477,0.5564,35.1,0,150,0.01,20310918,v7.0.0-validated,d3619add2942,37604,test010_s50_V7_A6_DC_PRESERVATION_0918
test010,50.0,1,V7_OPT_BASE,standard,23.0064,0.4942,0.005004,33.093,0.007,0.880039357515158,150.0,150.0,150,1.0863,0.47725688478943806,0.17622112977434737,,,,0.0,0.0,0.7283,0.3119,0.6109,0.5547,35.5,0,150,0.01,20310918,v7.0.0-validated,d3619add2942,37604,test010_s50_V7_OPT_BASE_0918
