patch_id,noise_sigma,config,support_size,M,support_ratio_M,cond_A_S,cond_ATA,rank_A_S,variance_amplification_tr,pre_debias_residual,post_debias_residual,psnr
0,15.0,A5,3,38,0.07894736842105263,1.2831106512216117,1.6463729432783485,3,5.539280200443416,0.5444356197894147,0.5342904360886865,19.104993490909337
0,15.0,A5A6,63,37,1.7027027027027026,7.047720418649735,49.6703630994524,37,96.6027667047469,0.7584060695507522,8.029952337223718e-16,22.218656446080796
1,15.0,A5,1,38,0.02631578947368421,1.0,1.0,1,1.7638678701310329,0.33937811686562686,0.33950224572061527,27.48451728988976
1,15.0,A5A6,63,37,1.7027027027027026,7.047720418649735,49.6703630994524,37,96.6027667047469,0.41661797052518357,5.613432221253381e-16,25.28971839355672
2,15.0,A5,1,38,0.02631578947368421,1.0,1.0,1,1.7638678701310329,0.4400310195340488,0.4402030186896218,22.682669571865944
2,15.0,A5A6,63,37,1.7027027027027026,7.047720418649735,49.6703630994524,37,96.6027667047469,0.6300025084936545,7.702450604540067e-16,25.0824442889899
3,15.0,A5,1,38,0.02631578947368421,1.0,1.0,1,1.7638678701310329,0.5064030687348154,0.5071569953898685,22.133797746379607
3,15.0,A5A6,63,37,1.7027027027027026,7.047720418649735,49.6703630994524,37,96.6027667047469,0.48785158812138557,5.62755531893293e-16,23.861326617236735
4,15.0,A5,1,38,0.02631578947368421,1.0,1.0,1,1.7638678701310329,0.5198828038242117,0.5204865011351252,23.977408653156658
4,15.0,A5A6,63,37,1.7027027027027026,7.047720418649735,49.6703630994524,37,96.6027667047469,0.5041216997298581,8.289456721508926e-16,24.92504596920866
5,15.0,A5,1,38,0.02631578947368421,1.0,1.0,1,1.7638678701310329,1.2063987826581188,1.20827761677293,15.796611548944302
5,15.0,A5A6,63,37,1.7027027027027026,7.047720418649735,49.6703630994524,37,96.6027667047469,0.9329261821742382,1.1795191650634087e-15,19.60361789081381
6,15.0,A5,1,38,0.02631578947368421,1.0,1.0,1,1.7638678701310329,0.4757987413551493,0.4754482186115263,22.193136363419825
6,15.0,A5A6,63,37,1.7027027027027026,7.047720418649735,49.6703630994524,37,96.6027667047469,0.4206176948802777,5.237091100891367e-16,23.24598550839748
7,15.0,A5,1,38,0.02631578947368421,1.0,1.0,1,1.7638678701310329,0.43327148937119786,0.43367379411582385,27.270174829532003
7,15.0,A5A6,63,37,1.7027027027027026,7.047720418649735,49.6703630994524,37,96.6027667047469,0.42522436573309214,4.788601586485377e-16,25.82385593435385
8,15.0,A5,1,38,0.02631578947368421,1.0,1.0,1,1.7638678701310329,0.9498508888101407,0.9505524543023649,15.513708033427196
8,15.0,A5A6,63,37,1.7027027027027026,7.047720418649735,49.6703630994524,37,96.6027667047469,1.1501814711234861,1.5827457667150214e-15,18.375654357145613
9,15.0,A5,1,38,0.02631578947368421,1.0,1.0,1,1.7638678701310329,0.5464998795725022,0.5471474208916478,23.255126470367884
9,15.0,A5A6,63,37,1.7027027027027026,7.047720418649735,49.6703630994524,37,96.6027667047469,0.44350450046794127,6.879490984260703e-16,24.734864284202924
10,15.0,A5,5,38,0.13157894736842105,1.7460635230786468,3.048737826625816,5,9.433876786997768,1.2373068971727774,1.2379894324318381,10.07514512810663
10,15.0,A5A6,2,37,0.05405405405405406,1.1141298283432823,1.2412852744042318,2,3.9363087304828563,0.9746281705065445,0.9749263506544216,12.695165807328074
11,15.0,A5,1,38,0.02631578947368421,1.0,1.0,1,1.7638678701310329,0.19580627299343864,0.14561379948756883,42.886280000028556
11,15.0,A5A6,63,37,1.7027027027027026,7.047720418649735,49.6703630994524,37,96.6027667047469,0.14938925330941924,1.6699135134861036e-16,31.23134211483042
12,15.0,A5,1,38,0.02631578947368421,1.0,1.0,1,1.7638678701310329,0.2308349486552085,0.20259192020423264,32.41119211394005
12,15.0,A5A6,63,37,1.7027027027027026,7.047720418649735,49.6703630994524,37,96.6027667047469,0.2212655326291461,3.5841834781511613e-16,28.716547199680676
13,15.0,A5,1,38,0.02631578947368421,1.0,1.0,1,1.7638678701310329,0.21580833204676872,0.18788895402972633,33.447420656087104
13,15.0,A5A6,63,37,1.7027027027027026,7.047720418649735,49.6703630994524,37,96.6027667047469,0.21717159570579228,3.138070686433491e-16,28.322231159609554
14,15.0,A5,1,38,0.02631578947368421,1.0,1.0,1,1.7638678701310329,0.33047321610600394,0.33071643828489794,32.87410872293372
14,15.0,A5A6,63,37,1.7027027027027026,7.047720418649735,49.6703630994524,37,96.6027667047469,0.3075635977674008,4.469676811123743e-16,27.83903158811436
15,15.0,A5,1,38,0.02631578947368421,1.0,1.0,1,1.7638678701310329,0.6431661727914832,0.6443398968704352,20.785685361513533
15,15.0,A5A6,63,37,1.7027027027027026,7.047720418649735,49.6703630994524,37,96.6027667047469,0.6153742996618372,6.80425243728509e-16,22.578917972642614
16,15.0,A5,1,38,0.02631578947368421,1.0,1.0,1,1.7638678701310329,0.8210255979579681,0.8205351717071959,19.293430830739194
16,15.0,A5A6,63,37,1.7027027027027026,7.047720418649735,49.6703630994524,37,96.6027667047469,0.7934871047665006,9.725968159057976e-16,22.058359152362257
17,15.0,A5,1,38,0.02631578947368421,1.0,1.0,1,1.7638678701310329,0.5676576435951828,0.568459730368738,22.180618795188952
17,15.0,A5A6,63,37,1.7027027027027026,7.047720418649735,49.6703630994524,37,96.6027667047469,0.7472347809359914,7.477060658672601e-16,22.93863389602222
18,15.0,A5,1,38,0.02631578947368421,1.0,1.0,1,1.7638678701310329,0.28675788741750696,0.2862879479267749,43.93862956222337
18,15.0,A5A6,63,37,1.7027027027027026,7.047720418649735,49.6703630994524,37,96.6027667047469,0.274102914349661,3.980194038606464e-16,28.614215573378697
19,15.0,A5,1,38,0.02631578947368421,1.0,1.0,1,1.7638678701310329,0.3151223144976437,0.31530823106022476,40.061933952884694
19,15.0,A5A6,63,37,1.7027027027027026,7.047720418649735,49.6703630994524,37,96.6027667047469,0.3555346357594916,4.811200128585003e-16,26.979348553799205
20,15.0,A5,1,38,0.02631578947368421,1.0,1.0,1,1.7638678701310329,0.36170592617758235,0.3618029354397607,38.83001817901157
20,15.0,A5A6,63,37,1.7027027027027026,7.047720418649735,49.6703630994524,37,96.6027667047469,0.3311974365142176,4.24856764262247e-16,27.245675035607448
21,15.0,A5,1,38,0.02631578947368421,1.0,1.0,1,1.7638678701310329,0.4249896132503001,0.4247267225218394,37.05457618682892
21,15.0,A5A6,63,37,1.7027027027027026,7.047720418649735,49.6703630994524,37,96.6027667047469,0.44802705139146926,5.735643869438539e-16,24.713504306665214
22,15.0,A5,1,38,0.02631578947368421,1.0,1.0,1,1.7638678701310329,0.37154611917773067,0.37188802100044427,30.105629879378494
22,15.0,A5A6,63,37,1.7027027027027026,7.047720418649735,49.6703630994524,37,96.6027667047469,0.48732758906983,4.392251671218573e-16,24.806345533790886
23,15.0,A5,4,38,0.10526315789473684,1.388089786210791,1.9267932545827196,4,6.880022463792674,0.9165224990321585,0.917589650579196,17.341492748844004
23,15.0,A5A6,2,37,0.05405405405405406,1.5882746338173495,2.5226163124276355,2,5.050328312038108,0.7726178340174181,0.7477074237175746,15.629210607113786
24,15.0,A5,1,38,0.02631578947368421,1.0,1.0,1,1.7638678701310329,0.9276422476329533,0.9287530503339625,15.610198577860032
24,15.0,A5A6,63,37,1.7027027027027026,7.047720418649735,49.6703630994524,37,96.6027667047469,1.0516829947166486,1.2100725221741881e-15,17.901529991717666
25,15.0,A5,1,38,0.02631578947368421,1.0,1.0,1,1.7638678701310329,0.5081514994434168,0.5089010493783296,26.29965116883001
25,15.0,A5A6,63,37,1.7027027027027026,7.047720418649735,49.6703630994524,37,96.6027667047469,0.48860029377677056,6.123770436275659e-16,24.962780851550693
26,15.0,A5,1,38,0.02631578947368421,1.0,1.0,1,1.7638678701310329,0.37549510086677657,0.37579603170133213,31.721843713879657
26,15.0,A5A6,63,37,1.7027027027027026,7.047720418649735,49.6703630994524,37,96.6027667047469,0.3518668266843388,4.401627951004767e-16,27.022153540480804
27,15.0,A5,1,38,0.02631578947368421,1.0,1.0,1,1.7638678701310329,0.34455205916480325,0.3438657458316207,35.77305401776092
27,15.0,A5A6,63,37,1.7027027027027026,7.047720418649735,49.6703630994524,37,96.6027667047469,0.3418598298048472,4.1967134339273054e-16,25.3253106924279
28,15.0,A5,1,38,0.02631578947368421,1.0,1.0,1,1.7638678701310329,0.35788674647054364,0.35821705324995246,28.476427991984266
28,15.0,A5A6,63,37,1.7027027027027026,7.047720418649735,49.6703630994524,37,96.6027667047469,0.5336314391749829,6.284489209816975e-16,25.65359594685112
29,15.0,A5,1,38,0.02631578947368421,1.0,1.0,1,1.7638678701310329,0.34379525489454543,0.34424799366309944,32.24709786178014
29,15.0,A5A6,63,37,1.7027027027027026,7.047720418649735,49.6703630994524,37,96.6027667047469,0.38768868183667016,4.636551515838524e-16,26.227603722205963
30,15.0,A5,1,38,0.02631578947368421,1.0,1.0,1,1.7638678701310329,0.4599752408836242,0.45956289779692433,34.620007905870764
30,15.0,A5A6,63,37,1.7027027027027026,7.047720418649735,49.6703630994524,37,96.6027667047469,0.4248701516581181,5.031313047080876e-16,26.255960853600072
31,15.0,A5,1,38,0.02631578947368421,1.0,1.0,1,1.7638678701310329,0.46413707124045817,0.46463218431105774,29.36688446021207
31,15.0,A5A6,63,37,1.7027027027027026,7.047720418649735,49.6703630994524,37,96.6027667047469,0.44282236665658337,5.683384065230156e-16,25.202280200896055
32,15.0,A5,1,38,0.02631578947368421,1.0,1.0,1,1.7638678701310329,0.3293395832875521,0.3296175171612339,33.00482005263448
32,15.0,A5A6,63,37,1.7027027027027026,7.047720418649735,49.6703630994524,37,96.6027667047469,0.3632932281155038,5.427813648963937e-16,25.659957922622564
33,15.0,A5,1,38,0.02631578947368421,1.0,1.0,1,1.7638678701310329,0.3222365811076187,0.32261209468999885,35.86129975660077
33,15.0,A5A6,63,37,1.7027027027027026,7.047720418649735,49.6703630994524,37,96.6027667047469,0.40174293141299666,6.415452103415368e-16,25.965655908654576
34,15.0,A5,1,38,0.02631578947368421,1.0,1.0,1,1.7638678701310329,0.37570800815760763,0.3760629820378829,28.713556796302584
34,15.0,A5A6,63,37,1.7027027027027026,7.047720418649735,49.6703630994524,37,96.6027667047469,0.5343875862358115,7.80207673097932e-16,25.105207739863697
35,15.0,A5,1,38,0.02631578947368421,1.0,1.0,1,1.7638678701310329,0.39029374882710977,0.3906637641522553,26.95381538994924
35,15.0,A5A6,63,37,1.7027027027027026,7.047720418649735,49.6703630994524,37,96.6027667047469,0.34323085998927005,5.268101650637072e-16,25.271330012559545
36,15.0,A5,1,38,0.02631578947368421,1.0,1.0,1,1.7638678701310329,0.5015183023701225,0.502234810947697,26.426572862139427
36,15.0,A5A6,63,37,1.7027027027027026,7.047720418649735,49.6703630994524,37,96.6027667047469,0.44702871864344507,6.697262764769739e-16,24.81908088644897
37,15.0,A5,1,38,0.02631578947368421,1.0,1.0,1,1.7638678701310329,0.7641030779843628,0.7651949665602285,18.784929424751237
37,15.0,A5A6,63,37,1.7027027027027026,7.047720418649735,49.6703630994524,37,96.6027667047469,0.7926135777159861,1.2079668172721168e-15,21.606451418045477
38,15.0,A5,1,38,0.02631578947368421,1.0,1.0,1,1.7638678701310329,0.5497440884405833,0.5502050398191837,25.810913061227566
38,15.0,A5A6,63,37,1.7027027027027026,7.047720418649735,49.6703630994524,37,96.6027667047469,0.5771506198303514,5.4765634996031475e-16,24.197933911543075
39,15.0,A5,1,38,0.02631578947368421,1.0,1.0,1,1.7638678701310329,0.5015928160511592,0.5022369019824885,25.949939980309153
39,15.0,A5A6,63,37,1.7027027027027026,7.047720418649735,49.6703630994524,37,96.6027667047469,0.5096108629675227,6.327824466723483e-16,24.421977784778672
40,15.0,A5,2,38,0.05263157894736842,1.357115108903746,1.8417614188148266,2,3.5651314231797313,0.5120764893787627,0.5086391668960301,20.448214325136952
40,15.0,A5A6,63,37,1.7027027027027026,7.047720418649735,49.6703630994524,37,96.6027667047469,0.7053419094454294,9.315582167170059e-16,21.42209184466511
41,15.0,A5,1,38,0.02631578947368421,1.0,1.0,1,1.7638678701310329,0.23844019872971628,0.21449910255065763,28.903589173757013
41,15.0,A5A6,63,37,1.7027027027027026,7.047720418649735,49.6703630994524,37,96.6027667047469,0.23325351727032587,3.386992057469038e-16,27.43307325861516
42,15.0,A5,2,38,0.05263157894736842,1.239019926381448,1.535170377970289,2,3.6031874199086555,0.3296928391763309,0.31834436133745514,25.618935970722326
42,15.0,A5A6,63,37,1.7027027027027026,7.047720418649735,49.6703630994524,37,96.6027667047469,0.7041707477799924,8.988027378134297e-16,20.22676271383237
43,15.0,A5,1,38,0.02631578947368421,1.0,1.0,1,1.7638678701310329,0.5338855926914904,0.5343242483233065,24.335122078686865
43,15.0,A5A6,63,37,1.7027027027027026,7.047720418649735,49.6703630994524,37,96.6027667047469,0.5956100524901521,8.026936163370852e-16,24.926068165145942
44,15.0,A5,1,38,0.02631578947368421,1.0,1.0,1,1.7638678701310329,0.5061443460857048,0.5055801453117857,23.031844973949926
44,15.0,A5A6,63,37,1.7027027027027026,7.047720418649735,49.6703630994524,37,96.6027667047469,0.5963330470933478,6.210432696942162e-16,23.470106867651165
45,15.0,A5,2,38,0.05263157894736842,1.3703501481141487,1.8778595284364692,2,3.411257245713057,0.20751729272714017,0.14747961418707992,30.287712338288628
45,15.0,A5A6,63,37,1.7027027027027026,7.047720418649735,49.6703630994524,37,96.6027667047469,0.1654430274044382,2.3240874415770594e-16,30.278817168091727
46,15.0,A5,2,38,0.05263157894736842,1.2547419076086574,1.5743772547094126,2,3.641458281422409,1.0189661982438547,1.0202252125827003,14.745461103804232
46,15.0,A5A6,63,37,1.7027027027027026,7.047720418649735,49.6703630994524,37,96.6027667047469,0.93875814043022,9.879962183398799e-16,18.131937878335755
47,15.0,A5,2,38,0.05263157894736842,1.1168082710455467,1.2472607142757433,2,3.3153568368751065,0.5658061231967365,0.5664988599917015,21.70563547520926
47,15.0,A5A6,63,37,1.7027027027027026,7.047720418649735,49.6703630994524,37,96.6027667047469,0.9620595322158988,1.3966261290691036e-15,17.729070036219163
48,15.0,A5,1,38,0.02631578947368421,1.0,1.0,1,1.7638678701310329,0.6216005485513446,0.6220980757749758,22.731538666835913
48,15.0,A5A6,63,37,1.7027027027027026,7.047720418649735,49.6703630994524,37,96.6027667047469,0.47970268264566873,6.054975508345719e-16,24.013885098820666
49,15.0,A5,1,38,0.02631578947368421,1.0,1.0,1,1.7638678701310329,0.7171578178630845,0.7182487710770938,18.35764159401089
49,15.0,A5A6,63,37,1.7027027027027026,7.047720418649735,49.6703630994524,37,96.6027667047469,0.6175112714181256,1.069742588111404e-15,21.379149693132867
50,15.0,A5,3,38,0.07894736842105263,1.4715047348128876,2.1653261845767466,3,5.308732657910246,0.7197359385419013,0.719232242601327,16.08655257561053
50,15.0,A5A6,63,37,1.7027027027027026,7.047720418649735,49.6703630994524,37,96.6027667047469,0.6172877437611896,9.787895710492327e-16,21.09217810503801
51,15.0,A5,1,38,0.02631578947368421,1.0,1.0,1,1.7638678701310329,0.2817216816102604,0.2675006856789793,46.60231751483161
51,15.0,A5A6,63,37,1.7027027027027026,7.047720418649735,49.6703630994524,37,96.6027667047469,0.25468694894290034,3.9219379759615537e-16,28.82781704612534
52,15.0,A5,1,38,0.02631578947368421,1.0,1.0,1,1.7638678701310329,0.3701094915370692,0.36555834797950354,30.020191363312225
52,15.0,A5A6,63,37,1.7027027027027026,7.047720418649735,49.6703630994524,37,96.6027667047469,0.38109443245068964,5.516845112655171e-16,26.118101767406124
53,15.0,A5,1,38,0.02631578947368421,1.0,1.0,1,1.7638678701310329,0.25163945397247234,0.23871728251495603,38.22058827796266
53,15.0,A5A6,63,37,1.7027027027027026,7.047720418649735,49.6703630994524,37,96.6027667047469,0.2533217820702678,3.265102878927456e-16,28.5051358617158
54,15.0,A5,1,38,0.02631578947368421,1.0,1.0,1,1.7638678701310329,0.26592997691879355,0.24466144199768375,35.345788589377214
54,15.0,A5A6,63,37,1.7027027027027026,7.047720418649735,49.6703630994524,37,96.6027667047469,0.21833544181277967,2.4351248375544253e-16,30.354649761552395
55,15.0,A5,1,38,0.02631578947368421,1.0,1.0,1,1.7638678701310329,0.4365745796666939,0.4368463773046987,37.52462054400987
55,15.0,A5A6,63,37,1.7027027027027026,7.047720418649735,49.6703630994524,37,96.6027667047469,0.40438201672478485,4.2935216436522677e-16,26.227872344450095
56,15.0,A5,1,38,0.02631578947368421,1.0,1.0,1,1.7638678701310329,0.35505431964192086,0.35411149903977246,35.20934070126503
56,15.0,A5A6,63,37,1.7027027027027026,7.047720418649735,49.6703630994524,37,96.6027667047469,0.37264819485213696,5.144721985840395e-16,25.90913159070681
57,15.0,A5,1,38,0.02631578947368421,1.0,1.0,1,1.7638678701310329,0.2449966416335771,0.24388948375466143,36.22284349691383
57,15.0,A5A6,63,37,1.7027027027027026,7.047720418649735,49.6703630994524,37,96.6027667047469,0.3664322229109581,5.181468313908227e-16,27.356872480798454
58,15.0,A5,1,38,0.02631578947368421,1.0,1.0,1,1.7638678701310329,0.576809621663919,0.5775099683773368,23.243740907019173
58,15.0,A5A6,63,37,1.7027027027027026,7.047720418649735,49.6703630994524,37,96.6027667047469,0.5504549317823068,7.334465425342906e-16,23.70938374905126
59,15.0,A5,1,38,0.02631578947368421,1.0,1.0,1,1.7638678701310329,0.5052604737444889,0.5059142781894576,24.692322369093084
59,15.0,A5A6,63,37,1.7027027027027026,7.047720418649735,49.6703630994524,37,96.6027667047469,0.4703383690720048,5.914949190455554e-16,26.054374498278374
60,15.0,A5,1,38,0.02631578947368421,1.0,1.0,1,1.7638678701310329,0.39762038534393274,0.3977973595604477,25.1805864227186
60,15.0,A5A6,63,37,1.7027027027027026,7.047720418649735,49.6703630994524,37,96.6027667047469,0.4897660265285837,7.825642401376655e-16,25.47903519566839
61,15.0,A5,1,38,0.02631578947368421,1.0,1.0,1,1.7638678701310329,0.4957379823197372,0.4962932183245506,25.382073607040837
61,15.0,A5A6,63,37,1.7027027027027026,7.047720418649735,49.6703630994524,37,96.6027667047469,0.49508423207390956,5.247230717830742e-16,24.43539362685399
62,15.0,A5,1,38,0.02631578947368421,1.0,1.0,1,1.7638678701310329,0.48164679535441784,0.48247063724618017,37.3338523372298
62,15.0,A5A6,63,37,1.7027027027027026,7.047720418649735,49.6703630994524,37,96.6027667047469,0.33166679982331015,5.336791999942439e-16,26.214813828190934
63,15.0,A5,1,38,0.02631578947368421,1.0,1.0,1,1.7638678701310329,0.7230796657988637,0.7239425423317147,18.27524624079163
63,15.0,A5A6,63,37,1.7027027027027026,7.047720418649735,49.6703630994524,37,96.6027667047469,0.7725686587042658,9.085700113165882e-16,20.17001009383728
64,15.0,A5,1,38,0.02631578947368421,1.0,1.0,1,1.7638678701310329,0.3501540142995495,0.3505269481786254,33.130983507605286
64,15.0,A5A6,63,37,1.7027027027027026,7.047720418649735,49.6703630994524,37,96.6027667047469,0.35375553291569667,4.942112710685009e-16,27.625100353035464
65,15.0,A5,1,38,0.02631578947368421,1.0,1.0,1,1.7638678701310329,0.2736834805883932,0.27359354415656983,35.48930948277631
65,15.0,A5A6,63,37,1.7027027027027026,7.047720418649735,49.6703630994524,37,96.6027667047469,0.3261356879230623,4.433517317779295e-16,27.915451223132457
66,15.0,A5,1,38,0.02631578947368421,1.0,1.0,1,1.7638678701310329,0.820564019757097,0.8219006877446494,19.598201831020845
66,15.0,A5A6,1,37,0.02702702702702703,1.0,1.0,1,1.9299957902109612,0.39023830648081553,0.38371341087107025,21.778347877988523
67,15.0,A5,1,38,0.02631578947368421,1.0,1.0,1,1.7638678701310329,0.6856424625731872,0.6865068112883446,18.677734471717407
67,15.0,A5A6,63,37,1.7027027027027026,7.047720418649735,49.6703630994524,37,96.6027667047469,0.6937381065223155,9.90903750705769e-16,21.33552367833648
68,15.0,A5,1,38,0.02631578947368421,1.0,1.0,1,1.7638678701310329,0.6394462926286574,0.6399709774227053,19.078897100960685
68,15.0,A5A6,63,37,1.7027027027027026,7.047720418649735,49.6703630994524,37,96.6027667047469,0.7152875822110096,8.89054243463579e-16,22.60162753010967
69,15.0,A5,1,38,0.02631578947368421,1.0,1.0,1,1.7638678701310329,0.7965313035466789,0.7977977978223084,16.430133178764088
69,15.0,A5A6,63,37,1.7027027027027026,7.047720418649735,49.6703630994524,37,96.6027667047469,0.8187055346918266,1.269107618617223e-15,19.945897285900884
70,15.0,A5,1,38,0.02631578947368421,1.0,1.0,1,1.7638678701310329,0.696141996552074,0.6968471892967953,20.86927147569881
70,15.0,A5A6,63,37,1.7027027027027026,7.047720418649735,49.6703630994524,37,96.6027667047469,0.6899550481970228,8.301354211763259e-16,23.101846782585472
71,15.0,A5,1,38,0.02631578947368421,1.0,1.0,1,1.7638678701310329,0.5943387637896901,0.5951830177350943,18.697077590676873
71,15.0,A5A6,63,37,1.7027027027027026,7.047720418649735,49.6703630994524,37,96.6027667047469,0.8878443078753916,1.1398381569020913e-15,21.60344612034345
72,15.0,A5,1,38,0.02631578947368421,1.0,1.0,1,1.7638678701310329,0.6147679116501346,0.6154745653098085,22.28083735392659
72,15.0,A5A6,63,37,1.7027027027027026,7.047720418649735,49.6703630994524,37,96.6027667047469,0.5705063318982804,6.669590195957265e-16,24.159316572778415
73,15.0,A5,2,38,0.05263157894736842,1.239019926381448,1.535170377970289,2,3.6031874199086555,0.4589955981632056,0.45812844718879564,23.424016611720976
73,15.0,A5A6,63,37,1.7027027027027026,7.047720418649735,49.6703630994524,37,96.6027667047469,0.6775695948433466,9.109169079901836e-16,23.712139482041316
74,15.0,A5,1,38,0.02631578947368421,1.0,1.0,1,1.7638678701310329,0.3480148247031821,0.3483776313628433,35.26765095489536
74,15.0,A5A6,63,37,1.7027027027027026,7.047720418649735,49.6703630994524,37,96.6027667047469,0.3812556976493571,3.5921763079496085e-16,26.004916735769683
75,15.0,A5,2,38,0.05263157894736842,1.239019926381448,1.535170377970289,2,3.6031874199086555,1.2218507500254143,1.2229004674729278,12.455472624900693
75,15.0,A5A6,1,37,0.02702702702702703,1.0,1.0,1,1.3097607682985322,1.493525228743647,1.495170763374404,11.866136991633049
76,15.0,A5,1,38,0.02631578947368421,1.0,1.0,1,1.7638678701310329,1.1063317413168832,1.1041984716750526,14.450245938937796
76,15.0,A5A6,1,37,0.02702702702702703,1.0,1.0,1,1.6007584559524684,1.1162956922651759,1.117918020460176,14.516709828393463
77,15.0,A5,1,38,0.02631578947368421,1.0,1.0,1,1.7638678701310329,0.7186673015045549,0.7197516054505898,20.181756937912883
77,15.0,A5A6,63,37,1.7027027027027026,7.047720418649735,49.6703630994524,37,96.6027667047469,0.650361472068084,1.0662251212413433e-15,22.32606150539414
78,15.0,A5,1,38,0.02631578947368421,1.0,1.0,1,1.7638678701310329,0.4932164875891595,0.49392119455993533,26.526541241904937
78,15.0,A5A6,63,37,1.7027027027027026,7.047720418649735,49.6703630994524,37,96.6027667047469,0.5218334475476906,7.369701715101755e-16,24.907060018796066
79,15.0,A5,1,38,0.02631578947368421,1.0,1.0,1,1.7638678701310329,0.4475332887340221,0.4477079959246062,27.003344872152137
79,15.0,A5A6,63,37,1.7027027027027026,7.047720418649735,49.6703630994524,37,96.6027667047469,0.43960360805634086,5.302446213989101e-16,24.594367424265776
80,15.0,A5,64,38,1.6842105263157894,6.204741459133662,38.49881657469213,38,99.57301119501133,0.6368696597525515,1.1053908584476523e-15,21.68787087146424
80,15.0,A5A6,63,37,1.7027027027027026,7.047720418649735,49.6703630994524,37,96.6027667047469,0.3582946341945315,5.428023283382488e-16,25.807606630897837
81,15.0,A5,64,38,1.6842105263157894,6.204741459133662,38.49881657469213,38,99.57301119501133,0.6142039547193019,1.2389083675977463e-15,22.237957841671395
81,15.0,A5A6,63,37,1.7027027027027026,7.047720418649735,49.6703630994524,37,96.6027667047469,0.25149316030588137,4.3431877807732115e-16,29.36764309724424
82,15.0,A5,2,38,0.05263157894736842,1.1168082710455467,1.2472607142757433,2,3.3153568368751065,0.6840734045884725,0.6847533796974251,18.649352435083088
82,15.0,A5A6,1,37,0.02702702702702703,1.0,1.0,1,3.3567542878546486,0.6570047933481288,0.6544075845906606,19.107305380304044
83,15.0,A5,1,38,0.02631578947368421,1.0,1.0,1,1.7638678701310329,0.6599253413478605,0.6607313872414564,20.024716819604112
83,15.0,A5A6,63,37,1.7027027027027026,7.047720418649735,49.6703630994524,37,96.6027667047469,0.6294457914845778,1.0259501707747474e-15,20.964564608774406
84,15.0,A5,1,38,0.02631578947368421,1.0,1.0,1,1.7638678701310329,0.38863621346575,0.38910605317475405,30.68980578652821
84,15.0,A5A6,63,37,1.7027027027027026,7.047720418649735,49.6703630994524,37,96.6027667047469,0.35490129545185906,6.340384641091709e-16,26.39492046791579
85,15.0,A5,64,38,1.6842105263157894,6.204741459133662,38.49881657469213,38,99.57301119501133,0.6301200176114654,1.3535779502053196e-15,21.677754999513166
85,15.0,A5A6,63,37,1.7027027027027026,7.047720418649735,49.6703630994524,37,96.6027667047469,0.3284735908183278,3.73361701086259e-16,28.708125191649117
86,15.0,A5,1,38,0.02631578947368421,1.0,1.0,1,1.7638678701310329,0.4677348831616641,0.46831476023805907,32.03439445637382
86,15.0,A5A6,63,37,1.7027027027027026,7.047720418649735,49.6703630994524,37,96.6027667047469,0.4218816968251907,4.901814114749113e-16,25.677465331265612
87,15.0,A5,1,38,0.02631578947368421,1.0,1.0,1,1.7638678701310329,0.3770719827596452,0.37756893818741155,32.20979638872293
87,15.0,A5A6,63,37,1.7027027027027026,7.047720418649735,49.6703630994524,37,96.6027667047469,0.3706114010378193,4.3462093760974863e-16,27.23029360338537
88,15.0,A5,1,38,0.02631578947368421,1.0,1.0,1,1.7638678701310329,0.3786008014699966,0.3789965285569203,26.037354720907445
88,15.0,A5A6,63,37,1.7027027027027026,7.047720418649735,49.6703630994524,37,96.6027667047469,0.3768574355703252,4.677631673421345e-16,26.47962307403929
89,15.0,A5,1,38,0.02631578947368421,1.0,1.0,1,1.7638678701310329,0.40000661384542274,0.40040190266199893,27.413086119070414
89,15.0,A5A6,63,37,1.7027027027027026,7.047720418649735,49.6703630994524,37,96.6027667047469,0.3862992130800613,5.090632051544941e-16,25.39261103349069
90,15.0,A5,1,38,0.02631578947368421,1.0,1.0,1,1.7638678701310329,0.3206697681539524,0.3210851347078092,39.441392776276516
90,15.0,A5A6,63,37,1.7027027027027026,7.047720418649735,49.6703630994524,37,96.6027667047469,0.3048995215353539,4.49459119615746e-16,27.71675983060679
91,15.0,A5,2,38,0.05263157894736842,1.239019926381448,1.535170377970289,2,3.6031874199086555,0.4836420184899374,0.4828724989215099,24.1674150878551
91,15.0,A5A6,63,37,1.7027027027027026,7.047720418649735,49.6703630994524,37,96.6027667047469,0.631217023270516,6.67928105111792e-16,22.970153525240434
92,15.0,A5,1,38,0.02631578947368421,1.0,1.0,1,1.7638678701310329,0.2911762571240881,0.29142539795872724,32.72658890756481
92,15.0,A5A6,63,37,1.7027027027027026,7.047720418649735,49.6703630994524,37,96.6027667047469,0.3563255276708296,3.8497013122119356e-16,27.18123269196234
93,15.0,A5,1,38,0.02631578947368421,1.0,1.0,1,1.7638678701310329,0.3657389404545692,0.36604622553551003,37.15686798602959
93,15.0,A5A6,63,37,1.7027027027027026,7.047720418649735,49.6703630994524,37,96.6027667047469,0.37621244417561056,5.442681083361864e-16,27.105298032476046
94,15.0,A5,1,38,0.02631578947368421,1.0,1.0,1,1.7638678701310329,0.5294090725128204,0.5299065734682866,32.09815129144464
94,15.0,A5A6,63,37,1.7027027027027026,7.047720418649735,49.6703630994524,37,96.6027667047469,0.35748991657556467,5.793148692936891e-16,25.311726225265954
95,15.0,A5,1,38,0.02631578947368421,1.0,1.0,1,1.7638678701310329,0.3831711485116024,0.38343353372857636,27.153242042722994
95,15.0,A5A6,63,37,1.7027027027027026,7.047720418649735,49.6703630994524,37,96.6027667047469,0.4144105215066757,5.597286305031094e-16,24.62952220718026
96,15.0,A5,1,38,0.02631578947368421,1.0,1.0,1,1.7638678701310329,0.4858503082493559,0.4864529783807634,26.380420701583876
96,15.0,A5A6,63,37,1.7027027027027026,7.047720418649735,49.6703630994524,37,96.6027667047469,0.43854264106557994,5.872977358664608e-16,24.73031125219805
97,15.0,A5,1,38,0.02631578947368421,1.0,1.0,1,1.7638678701310329,0.6103724818887846,0.6107040239023027,20.82164314663368
97,15.0,A5A6,63,37,1.7027027027027026,7.047720418649735,49.6703630994524,37,96.6027667047469,0.6533040542945606,8.172830752961233e-16,22.583513529214777
98,15.0,A5,1,38,0.02631578947368421,1.0,1.0,1,1.7638678701310329,0.6849227674771377,0.6853163336821799,21.035157390190513
98,15.0,A5A6,63,37,1.7027027027027026,7.047720418649735,49.6703630994524,37,96.6027667047469,0.5885065901400449,6.663799735364746e-16,22.705356665060673
99,15.0,A5,1,38,0.02631578947368421,1.0,1.0,1,1.7638678701310329,0.5490132355497048,0.5488624471220854,21.681754668366274
99,15.0,A5A6,63,37,1.7027027027027026,7.047720418649735,49.6703630994524,37,96.6027667047469,0.5633342859099213,6.474958492290097e-16,22.938398442338862
0,25.0,A5,4,38,0.10526315789473684,1.537888311263511,2.365100457920934,4,7.495857382798128,0.6547560159962988,0.64788235628747,18.611428915823623
0,25.0,A5A6,63,37,1.7027027027027026,7.047720418649735,49.6703630994524,37,96.6027667047469,0.7632526855348167,9.028732633633442e-16,20.446127997413615
1,25.0,A5,1,38,0.02631578947368421,1.0,1.0,1,1.7638678701310329,0.5859614927419158,0.5866580301597674,27.76903841153809
1,25.0,A5A6,63,37,1.7027027027027026,7.047720418649735,49.6703630994524,37,96.6027667047469,0.4895563552038712,5.645319006159138e-16,23.286566730728467
2,25.0,A5,1,38,0.02631578947368421,1.0,1.0,1,1.7638678701310329,0.6249354139592208,0.625484553766712,22.146911721439686
2,25.0,A5A6,63,37,1.7027027027027026,7.047720418649735,49.6703630994524,37,96.6027667047469,0.5734322503806086,7.130549671022505e-16,22.21368918654571
3,25.0,A5,1,38,0.02631578947368421,1.0,1.0,1,1.7638678701310329,0.6494427415296429,0.6502322757831732,22.103024044039756
3,25.0,A5A6,63,37,1.7027027027027026,7.047720418649735,49.6703630994524,37,96.6027667047469,0.81015978912191,1.297087207311623e-15,20.947895786310305
4,25.0,A5,1,38,0.02631578947368421,1.0,1.0,1,1.7638678701310329,0.7396567017013187,0.7407637971049199,23.951788388846687
4,25.0,A5A6,63,37,1.7027027027027026,7.047720418649735,49.6703630994524,37,96.6027667047469,0.5923635730500324,1.0280121195780836e-15,21.476667734612743
5,25.0,A5,2,38,0.05263157894736842,1.1237469203504526,1.2628071409971267,2,3.3850196210563523,1.2008531603035686,1.2022377553852215,15.678054516581831
5,25.0,A5A6,1,37,0.02702702702702703,1.0,1.0,1,1.4847721033138137,1.0687767913694022,1.068914372653893,15.74717680008941
6,25.0,A5,1,38,0.02631578947368421,1.0,1.0,1,1.7638678701310329,0.5504226400548485,0.5508987267602392,21.50728002602737
6,25.0,A5A6,63,37,1.7027027027027026,7.047720418649735,49.6703630994524,37,96.6027667047469,0.532896714624273,7.076587496757718e-16,21.240732181422956
7,25.0,A5,1,38,0.02631578947368421,1.0,1.0,1,1.7638678701310329,0.7212350594585226,0.7221537034434107,26.89515386897646
7,25.0,A5A6,63,37,1.7027027027027026,7.047720418649735,49.6703630994524,37,96.6027667047469,0.7582848991007757,7.54634620482655e-16,20.5578081358534
8,25.0,A5,1,38,0.02631578947368421,1.0,1.0,1,1.7638678701310329,1.1436000349803095,1.1439892322561227,15.565121517524776
8,25.0,A5A6,1,37,0.02702702702702703,1.0,1.0,1,2.410922806064476,0.7882900132090124,0.7822682695085419,15.955967730614965
9,25.0,A5,1,38,0.02631578947368421,1.0,1.0,1,1.7638678701310329,0.6171074460537577,0.617843530300139,23.388256666729426
9,25.0,A5A6,63,37,1.7027027027027026,7.047720418649735,49.6703630994524,37,96.6027667047469,0.7065848046582663,8.585566921053224e-16,21.194114043675093
10,25.0,A5,5,38,0.13157894736842105,1.7969575285646047,3.229056359465012,5,10.526272521401065,1.0745923228171748,1.072120914296174,9.9470799294858
10,25.0,A5A6,1,37,0.02702702702702703,1.0,1.0,1,1.9299957902109612,1.0873615870405546,1.088187168532499,11.643116917933016
11,25.0,A5,1,38,0.02631578947368421,1.0,1.0,1,1.7638678701310329,0.33201871805979744,0.3147333845616098,29.484987923697183
11,25.0,A5A6,63,37,1.7027027027027026,7.047720418649735,49.6703630994524,37,96.6027667047469,0.36453944282466894,4.982428876986065e-16,24.645814408948862
12,25.0,A5,1,38,0.02631578947368421,1.0,1.0,1,1.7638678701310329,0.35973685517678905,0.3477280590978015,25.981622689329388
12,25.0,A5A6,63,37,1.7027027027027026,7.047720418649735,49.6703630994524,37,96.6027667047469,0.39748998190273427,4.771563783777668e-16,23.015895218497008
13,25.0,A5,2,38,0.05263157894736842,1.1125117204074222,1.2376823280438822,2,3.683878531318386,0.3749666481983714,0.3592640174878895,24.45516253563894
13,25.0,A5A6,63,37,1.7027027027027026,7.047720418649735,49.6703630994524,37,96.6027667047469,0.41528035019023274,4.890382085025271e-16,22.823459881283537
14,25.0,A5,1,38,0.02631578947368421,1.0,1.0,1,1.7638678701310329,0.697031121862827,0.6979345482215044,31.973188809132274
14,25.0,A5A6,63,37,1.7027027027027026,7.047720418649735,49.6703630994524,37,96.6027667047469,0.6009386027835584,7.68034003660875e-16,22.359351807946357
15,25.0,A5,1,38,0.02631578947368421,1.0,1.0,1,1.7638678701310329,0.9500532127036847,0.9512640604215025,21.268485665850115
15,25.0,A5A6,63,37,1.7027027027027026,7.047720418649735,49.6703630994524,37,96.6027667047469,0.8192710117595485,8.75470529378111e-16,19.7250447188938
16,25.0,A5,2,38,0.05263157894736842,1.239019926381448,1.535170377970289,2,3.6031874199086555,0.8093824430642689,0.8092495369664578,18.2157886698078
16,25.0,A5A6,63,37,1.7027027027027026,7.047720418649735,49.6703630994524,37,96.6027667047469,0.9384448715602414,1.3835221803346212e-15,19.344517153765448
17,25.0,A5,1,38,0.02631578947368421,1.0,1.0,1,1.7638678701310329,0.8734362763209383,0.8747544143423542,21.497064504356178
17,25.0,A5A6,63,37,1.7027027027027026,7.047720418649735,49.6703630994524,37,96.6027667047469,0.7705509266454508,1.170217250271179e-15,21.02164706707744
18,25.0,A5,1,38,0.02631578947368421,1.0,1.0,1,1.7638678701310329,0.6923928667948686,0.6931782272995467,36.10781453549539
18,25.0,A5A6,63,37,1.7027027027027026,7.047720418649735,49.6703630994524,37,96.6027667047469,0.7753476520935121,1.0987320008054351e-15,21.13507349230446
19,25.0,A5,1,38,0.02631578947368421,1.0,1.0,1,1.7638678701310329,0.5497202333381057,0.5501045591063417,40.5716637417435
19,25.0,A5A6,63,37,1.7027027027027026,7.047720418649735,49.6703630994524,37,96.6027667047469,0.7121812435976607,1.0413673764341673e-15,21.04460879178125
20,25.0,A5,1,38,0.02631578947368421,1.0,1.0,1,1.7638678701310329,0.4902180879516485,0.49051650960057214,36.13971984349244
20,25.0,A5A6,63,37,1.7027027027027026,7.047720418649735,49.6703630994524,37,96.6027667047469,0.5746655054688131,8.489411291620475e-16,23.20013773553501
21,25.0,A5,1,38,0.02631578947368421,1.0,1.0,1,1.7638678701310329,0.7291689482197047,0.7296884196336865,39.74089078835165
21,25.0,A5A6,63,37,1.7027027027027026,7.047720418649735,49.6703630994524,37,96.6027667047469,0.5733649048271487,9.50977501986955e-16,22.130536299796944
22,25.0,A5,1,38,0.02631578947368421,1.0,1.0,1,1.7638678701310329,0.5397221504105164,0.5401988573846516,30.52800801173868
22,25.0,A5A6,63,37,1.7027027027027026,7.047720418649735,49.6703630994524,37,96.6027667047469,0.6039713964245034,8.851731446180616e-16,23.021481203652545
23,25.0,A5,2,38,0.05263157894736842,1.1168082710455467,1.2472607142757433,2,3.3153568368751065,0.8667411822947014,0.867655241116483,15.600400766535309
23,25.0,A5A6,1,37,0.02702702702702703,1.0,1.0,1,3.3567542878546486,1.265655407948303,1.2657190591631864,15.675103177205008
24,25.0,A5,1,38,0.02631578947368421,1.0,1.0,1,1.7638678701310329,1.020626625610528,1.0213826928788385,15.61706783980841
24,25.0,A5A6,63,37,1.7027027027027026,7.047720418649735,49.6703630994524,37,96.6027667047469,1.050511346646329,1.1351243623963953e-15,17.485907375173785
25,25.0,A5,1,38,0.02631578947368421,1.0,1.0,1,1.7638678701310329,0.8308186020142514,0.8319612974277335,25.513234828792058
25,25.0,A5A6,63,37,1.7027027027027026,7.047720418649735,49.6703630994524,37,96.6027667047469,0.6351812578236801,8.573580118967447e-16,22.68553536669726
26,25.0,A5,1,38,0.02631578947368421,1.0,1.0,1,1.7638678701310329,0.5730392305439826,0.5735402304340581,31.739217807563996
26,25.0,A5A6,63,37,1.7027027027027026,7.047720418649735,49.6703630994524,37,96.6027667047469,0.5983138772983896,8.926294363555241e-16,21.852151822141202
27,25.0,A5,1,38,0.02631578947368421,1.0,1.0,1,1.7638678701310329,0.5411517989477989,0.5415847683060498,31.954574993639113
27,25.0,A5A6,63,37,1.7027027027027026,7.047720418649735,49.6703630994524,37,96.6027667047469,0.5976184481867891,7.827525214816494e-16,22.3323669183803
28,25.0,A5,1,38,0.02631578947368421,1.0,1.0,1,1.7638678701310329,0.6951287219468109,0.6959231969714418,28.53687190702306
28,25.0,A5A6,63,37,1.7027027027027026,7.047720418649735,49.6703630994524,37,96.6027667047469,0.517820826696447,7.215813705767329e-16,22.93364849581721
29,25.0,A5,1,38,0.02631578947368421,1.0,1.0,1,1.7638678701310329,0.6395630593714189,0.6404560041247691,34.73857749994075
29,25.0,A5A6,63,37,1.7027027027027026,7.047720418649735,49.6703630994524,37,96.6027667047469,0.6676956045067451,1.0847418840980606e-15,22.57649045628841
30,25.0,A5,1,38,0.02631578947368421,1.0,1.0,1,1.7638678701310329,0.6550667676357084,0.6559086476680245,34.80502734673264
30,25.0,A5A6,63,37,1.7027027027027026,7.047720418649735,49.6703630994524,37,96.6027667047469,0.6792180603521187,8.153518671088816e-16,21.649592989729364
31,25.0,A5,1,38,0.02631578947368421,1.0,1.0,1,1.7638678701310329,0.5613030548295576,0.5614671848108904,28.694324147640174
31,25.0,A5A6,63,37,1.7027027027027026,7.047720418649735,49.6703630994524,37,96.6027667047469,0.509114727280196,5.911666803891205e-16,21.76855443525834
32,25.0,A5,1,38,0.02631578947368421,1.0,1.0,1,1.7638678701310329,0.46153925263843304,0.46207790758414435,32.71079582782511
32,25.0,A5A6,63,37,1.7027027027027026,7.047720418649735,49.6703630994524,37,96.6027667047469,0.5281835725467633,4.807312820379531e-16,24.108875222075365
33,25.0,A5,1,38,0.02631578947368421,1.0,1.0,1,1.7638678701310329,0.493737224337577,0.4943141124107135,36.7992548425644
33,25.0,A5A6,63,37,1.7027027027027026,7.047720418649735,49.6703630994524,37,96.6027667047469,0.45273308078513624,5.174276235954829e-16,24.47463791690902
34,25.0,A5,1,38,0.02631578947368421,1.0,1.0,1,1.7638678701310329,0.6041710752509607,0.6049086342586308,28.223661390849987
34,25.0,A5A6,63,37,1.7027027027027026,7.047720418649735,49.6703630994524,37,96.6027667047469,0.5032773233635619,7.190226089340403e-16,22.933933421760567
35,25.0,A5,1,38,0.02631578947368421,1.0,1.0,1,1.7638678701310329,0.5962538934963371,0.5968640390534177,26.781833166320993
35,25.0,A5A6,63,37,1.7027027027027026,7.047720418649735,49.6703630994524,37,96.6027667047469,0.7359545845595228,8.43418201144354e-16,20.871464679546893
36,25.0,A5,1,38,0.02631578947368421,1.0,1.0,1,1.7638678701310329,0.5757764732391935,0.5765045528167553,25.435770465266234
36,25.0,A5A6,63,37,1.7027027027027026,7.047720418649735,49.6703630994524,37,96.6027667047469,0.6544479912129204,6.527840734296192e-16,21.477163480758612
37,25.0,A5,1,38,0.02631578947368421,1.0,1.0,1,1.7638678701310329,0.7516046297135001,0.7526141160879425,18.89033667993417
37,25.0,A5A6,63,37,1.7027027027027026,7.047720418649735,49.6703630994524,37,96.6027667047469,0.7725518634021893,1.2406947981577914e-15,20.755360068381098
38,25.0,A5,1,38,0.02631578947368421,1.0,1.0,1,1.7638678701310329,0.633304637777409,0.6342553571719066,26.36679116417681
38,25.0,A5A6,63,37,1.7027027027027026,7.047720418649735,49.6703630994524,37,96.6027667047469,0.6334491514721724,1.0921816800526788e-15,20.757465446313745
39,25.0,A5,1,38,0.02631578947368421,1.0,1.0,1,1.7638678701310329,0.6971410835707517,0.6982044021872407,25.65557892106714
39,25.0,A5A6,63,37,1.7027027027027026,7.047720418649735,49.6703630994524,37,96.6027667047469,0.6664289265964068,9.134665759993206e-16,22.99371032673781
40,25.0,A5,1,38,0.02631578947368421,1.0,1.0,1,1.7638678701310329,0.8687150474022965,0.8671102135363759,19.401629698538443
40,25.0,A5A6,63,37,1.7027027027027026,7.047720418649735,49.6703630994524,37,96.6027667047469,0.8764808306862579,1.1842686680640362e-15,20.23584481909124
41,25.0,A5,1,38,0.02631578947368421,1.0,1.0,1,1.7638678701310329,0.3659444137515533,0.35829518852493353,30.462691759355998
41,25.0,A5A6,63,37,1.7027027027027026,7.047720418649735,49.6703630994524,37,96.6027667047469,0.2758999677846016,3.2996502826891537e-16,25.230666691038742
42,25.0,A5,2,38,0.05263157894736842,1.239019926381448,1.535170377970289,2,3.6031874199086555,0.4562732486149223,0.4492325634923097,24.433582085528258
42,25.0,A5A6,63,37,1.7027027027027026,7.047720418649735,49.6703630994524,37,96.6027667047469,0.8745097526496456,9.899956841761272e-16,19.40088911432828
43,25.0,A5,1,38,0.02631578947368421,1.0,1.0,1,1.7638678701310329,0.6766135477111912,0.6771253781199085,22.592701723024614
43,25.0,A5A6,63,37,1.7027027027027026,7.047720418649735,49.6703630994524,37,96.6027667047469,0.8706194171983062,1.1148729845342117e-15,20.168432899208895
44,25.0,A5,1,38,0.02631578947368421,1.0,1.0,1,1.7638678701310329,0.642146287024627,0.6407412208719031,23.686660807403243
44,25.0,A5A6,63,37,1.7027027027027026,7.047720418649735,49.6703630994524,37,96.6027667047469,0.7850125742055883,1.0463949210973319e-15,21.28965442478931
45,25.0,A5,1,38,0.02631578947368421,1.0,1.0,1,1.7638678701310329,0.25841064702617245,0.24836400597167377,25.35407407936496
45,25.0,A5A6,63,37,1.7027027027027026,7.047720418649735,49.6703630994524,37,96.6027667047469,0.38210648575188466,5.216214625932688e-16,24.365145743770967
46,25.0,A5,2,38,0.05263157894736842,1.0917495844152785,1.1919171550709333,2,3.2621997987405598,1.031615452991852,1.032717831392255,14.751038813508039
46,25.0,A5A6,1,37,0.02702702702702703,1.0,1.0,1,1.9299957902109612,0.732848306373843,0.733169451675159,20.08689054569369
47,25.0,A5,2,38,0.05263157894736842,1.1168082710455467,1.2472607142757433,2,3.3153568368751065,0.6110803566692292,0.61152170347603,21.692214080633008
47,25.0,A5A6,63,37,1.7027027027027026,7.047720418649735,49.6703630994524,37,96.6027667047469,1.0245318300507482,1.7492628461463356e-15,17.143689799557183
48,25.0,A5,1,38,0.02631578947368421,1.0,1.0,1,1.7638678701310329,0.691366326276108,0.6920650964710514,23.077195602854744
48,25.0,A5A6,63,37,1.7027027027027026,7.047720418649735,49.6703630994524,37,96.6027667047469,0.8533527642611071,9.328313187957127e-16,20.660853079731
49,25.0,A5,1,38,0.02631578947368421,1.0,1.0,1,1.7638678701310329,0.9901608852809756,0.9913282090716214,17.80032663276685
49,25.0,A5A6,63,37,1.7027027027027026,7.047720418649735,49.6703630994524,37,96.6027667047469,0.9075068299229403,1.5363187478824722e-15,19.38425151851546
50,25.0,A5,2,38,0.05263157894736842,1.2547419076086574,1.5743772547094126,2,3.641458281422409,0.845305732982539,0.8433613100985474,16.677559813343404
50,25.0,A5A6,63,37,1.7027027027027026,7.047720418649735,49.6703630994524,37,96.6027667047469,0.8404275897284701,1.0740053966075428e-15,19.562884898917673
51,25.0,A5,1,38,0.02631578947368421,1.0,1.0,1,1.7638678701310329,0.47557871109309724,0.4643631027599298,32.77615465282616
51,25.0,A5A6,63,37,1.7027027027027026,7.047720418649735,49.6703630994524,37,96.6027667047469,0.44808462506846203,7.27644128278569e-16,23.778191106818973
52,25.0,A5,2,38,0.05263157894736842,1.1125117204074222,1.2376823280438822,2,3.683878531318386,0.39648148538682954,0.3926055028577762,25.834909134398348
52,25.0,A5A6,63,37,1.7027027027027026,7.047720418649735,49.6703630994524,37,96.6027667047469,0.5713587945174295,6.522029681071407e-16,22.466593790665126
53,25.0,A5,1,38,0.02631578947368421,1.0,1.0,1,1.7638678701310329,0.5741837595570747,0.5655201835796114,34.06554753368078
53,25.0,A5A6,63,37,1.7027027027027026,7.047720418649735,49.6703630994524,37,96.6027667047469,0.4617177589333552,6.961381764237008e-16,24.045878874961954
54,25.0,A5,1,38,0.02631578947368421,1.0,1.0,1,1.7638678701310329,0.2901485627363218,0.2803377644251723,32.90891099048708
54,25.0,A5A6,63,37,1.7027027027027026,7.047720418649735,49.6703630994524,37,96.6027667047469,0.35407066490915534,4.58072120348957e-16,25.294526665074674
55,25.0,A5,1,38,0.02631578947368421,1.0,1.0,1,1.7638678701310329,0.6002852889293832,0.5999862524786223,39.50618156037428
55,25.0,A5A6,63,37,1.7027027027027026,7.047720418649735,49.6703630994524,37,96.6027667047469,0.6953473137475412,8.594254995435809e-16,21.193311529539915
56,25.0,A5,2,38,0.05263157894736842,1.1125117204074222,1.2376823280438822,2,3.683878531318386,0.5248381966118117,0.5240134103217223,25.028221624146735
56,25.0,A5A6,63,37,1.7027027027027026,7.047720418649735,49.6703630994524,37,96.6027667047469,0.479868864432991,6.658627090641482e-16,22.782634148589228
57,25.0,A5,2,38,0.05263157894736842,1.3703501481141487,1.8778595284364692,2,3.411257245713057,0.4088908200969962,0.40764135480901004,24.725006934330022
57,25.0,A5A6,63,37,1.7027027027027026,7.047720418649735,49.6703630994524,37,96.6027667047469,0.5099217780387889,6.282585906237611e-16,23.29785189159345
58,25.0,A5,1,38,0.02631578947368421,1.0,1.0,1,1.7638678701310329,0.6561045340476198,0.6568800928477582,22.840068259234773
58,25.0,A5A6,63,37,1.7027027027027026,7.047720418649735,49.6703630994524,37,96.6027667047469,0.6630909029732207,8.913812058542534e-16,22.162945846897323
59,25.0,A5,1,38,0.02631578947368421,1.0,1.0,1,1.7638678701310329,0.7239089542686262,0.7250094959323351,25.098705851596357
59,25.0,A5A6,63,37,1.7027027027027026,7.047720418649735,49.6703630994524,37,96.6027667047469,0.6596434066422936,1.0060095033928486e-15,22.1363604421401
60,25.0,A5,1,38,0.02631578947368421,1.0,1.0,1,1.7638678701310329,0.6465718985611472,0.647656080340186,25.758916366496557
60,25.0,A5A6,63,37,1.7027027027027026,7.047720418649735,49.6703630994524,37,96.6027667047469,0.5506279387121885,6.799540710543504e-16,22.155632861500422
61,25.0,A5,1,38,0.02631578947368421,1.0,1.0,1,1.7638678701310329,0.7881496019967609,0.7890545797041326,23.978768728905937
61,25.0,A5A6,63,37,1.7027027027027026,7.047720418649735,49.6703630994524,37,96.6027667047469,0.6860626513034833,9.746568202564377e-16,20.97908709514276
62,25.0,A5,1,38,0.02631578947368421,1.0,1.0,1,1.7638678701310329,0.619670567198814,0.6204867385913468,36.78527579586195
62,25.0,A5A6,63,37,1.7027027027027026,7.047720418649735,49.6703630994524,37,96.6027667047469,0.6628341138239024,9.325510224319646e-16,21.72670142764629
63,25.0,A5,1,38,0.02631578947368421,1.0,1.0,1,1.7638678701310329,1.0007191136806588,1.0018815348633139,18.265357292703854
63,25.0,A5A6,63,37,1.7027027027027026,7.047720418649735,49.6703630994524,37,96.6027667047469,0.9365363083244281,1.0704874418871508e-15,18.994858267794108
64,25.0,A5,1,38,0.02631578947368421,1.0,1.0,1,1.7638678701310329,0.4624012813990077,0.4629022468673645,33.05433959367256
64,25.0,A5A6,63,37,1.7027027027027026,7.047720418649735,49.6703630994524,37,96.6027667047469,0.5383079237960684,6.59140708533345e-16,22.27666624082557
65,25.0,A5,1,38,0.02631578947368421,1.0,1.0,1,1.7638678701310329,0.48356504381878473,0.4838243232872463,32.935977648653136
65,25.0,A5A6,63,37,1.7027027027027026,7.047720418649735,49.6703630994524,37,96.6027667047469,0.5752832337960212,8.319848449573888e-16,23.022134071814673
66,25.0,A5,1,38,0.02631578947368421,1.0,1.0,1,1.7638678701310329,0.8146350697631258,0.8157000317539544,19.857183819448487
66,25.0,A5A6,63,37,1.7027027027027026,7.047720418649735,49.6703630994524,37,96.6027667047469,0.9035861935756158,1.3432854506613826e-15,19.889854622817637
67,25.0,A5,1,38,0.02631578947368421,1.0,1.0,1,1.7638678701310329,0.8844584594100702,0.8859699321206588,18.227081139393192
67,25.0,A5A6,63,37,1.7027027027027026,7.047720418649735,49.6703630994524,37,96.6027667047469,0.834950247236059,1.0907852383730682e-15,19.604526976121498
68,25.0,A5,1,38,0.02631578947368421,1.0,1.0,1,1.7638678701310329,0.8460135589328418,0.8470922835230185,19.373708287115527
68,25.0,A5A6,63,37,1.7027027027027026,7.047720418649735,49.6703630994524,37,96.6027667047469,0.8556186194318861,1.2595467027380283e-15,20.893043929236473
69,25.0,A5,2,38,0.05263157894736842,1.0917495844152785,1.1919171550709333,2,3.2621997987405598,0.8188663298457326,0.8193092103985604,17.562799627670866
69,25.0,A5A6,63,37,1.7027027027027026,7.047720418649735,49.6703630994524,37,96.6027667047469,0.9774964017883291,1.6828328825759814e-15,18.042204831055656
70,25.0,A5,1,38,0.02631578947368421,1.0,1.0,1,1.7638678701310329,0.6220802588614943,0.6227363420037506,21.13927643531398
70,25.0,A5A6,63,37,1.7027027027027026,7.047720418649735,49.6703630994524,37,96.6027667047469,0.723478295987923,8.693703903407985e-16,21.62904717720536
71,25.0,A5,1,38,0.02631578947368421,1.0,1.0,1,1.7638678701310329,0.9988581601647055,1.0003768737373735,18.868722470601167
71,25.0,A5A6,63,37,1.7027027027027026,7.047720418649735,49.6703630994524,37,96.6027667047469,1.0669316100266935,1.5016654585859327e-15,18.404780055476394
72,25.0,A5,1,38,0.02631578947368421,1.0,1.0,1,1.7638678701310329,0.6829977278717388,0.6839454559480772,20.47186526227684
72,25.0,A5A6,63,37,1.7027027027027026,7.047720418649735,49.6703630994524,37,96.6027667047469,0.8290963595635762,1.0374980703201457e-15,21.82443622615847
73,25.0,A5,1,38,0.02631578947368421,1.0,1.0,1,1.7638678701310329,0.7881911350612227,0.78915983272988,22.46642472743044
73,25.0,A5A6,63,37,1.7027027027027026,7.047720418649735,49.6703630994524,37,96.6027667047469,0.6705228733808274,8.105909910547552e-16,21.87455703826565
74,25.0,A5,1,38,0.02631578947368421,1.0,1.0,1,1.7638678701310329,0.6582269915774521,0.6589631572098794,34.7710667510806
74,25.0,A5A6,63,37,1.7027027027027026,7.047720418649735,49.6703630994524,37,96.6027667047469,0.5155197361376085,7.223186291710197e-16,22.979369075477265
75,25.0,A5,3,38,0.07894736842105263,1.3158509040458992,1.7314636016784102,3,5.2106104493928385,1.2087061727185293,1.2098010626610856,13.053966695340058
75,25.0,A5A6,2,37,0.05405405405405406,1.0636941146578531,1.131445169557754,2,3.6377283792101975,1.2613864175255671,1.259889874987609,12.293460094007955
76,25.0,A5,3,38,0.07894736842105263,1.4918841823685725,2.2257184136015438,3,4.772628589222736,0.9610316468336119,0.9608392901743766,14.737068236839692
76,25.0,A5A6,1,37,0.02702702702702703,1.0,1.0,1,1.6007584559524684,1.2646282612724247,1.266120507493715,14.73894172882394
77,25.0,A5,1,38,0.02631578947368421,1.0,1.0,1,1.7638678701310329,0.8323187302815872,0.8334568262159024,20.21492884568767
77,25.0,A5A6,63,37,1.7027027027027026,7.047720418649735,49.6703630994524,37,96.6027667047469,0.837432080469438,1.2429475287104943e-15,20.502310223666342
78,25.0,A5,1,38,0.02631578947368421,1.0,1.0,1,1.7638678701310329,0.5329900453787878,0.533604030644105,26.464696543136373
78,25.0,A5A6,63,37,1.7027027027027026,7.047720418649735,49.6703630994524,37,96.6027667047469,0.5599914266959916,7.71501566974398e-16,22.793650199146832
79,25.0,A5,1,38,0.02631578947368421,1.0,1.0,1,1.7638678701310329,0.5953844537387211,0.5961541432102032,25.174213454548273
79,25.0,A5A6,63,37,1.7027027027027026,7.047720418649735,49.6703630994524,37,96.6027667047469,0.5892778220832546,6.395263726080899e-16,22.08534013057602
80,25.0,A5,1,38,0.02631578947368421,1.0,1.0,1,1.7638678701310329,0.4666386305123236,0.46635474265754134,34.14977548365654
80,25.0,A5A6,63,37,1.7027027027027026,7.047720418649735,49.6703630994524,37,96.6027667047469,0.5431862157424349,7.348965138873054e-16,23.62165942370769
81,25.0,A5,1,38,0.02631578947368421,1.0,1.0,1,1.7638678701310329,0.6227347923267684,0.6222434991874233,55.0059277161698
81,25.0,A5A6,63,37,1.7027027027027026,7.047720418649735,49.6703630994524,37,96.6027667047469,0.5879964807664355,7.733812831250979e-16,22.64084330440188
82,25.0,A5,2,38,0.05263157894736842,1.1168082710455467,1.2472607142757433,2,3.3153568368751065,0.7332130611327714,0.7340843897167924,18.979199706838532
82,25.0,A5A6,1,37,0.02702702702702703,1.0,1.0,1,3.3567542878546486,0.9024524145822176,0.9015026423108018,18.58670533830829
83,25.0,A5,1,38,0.02631578947368421,1.0,1.0,1,1.7638678701310329,0.6173479253588211,0.6178550309072742,19.03109680458803
83,25.0,A5A6,63,37,1.7027027027027026,7.047720418649735,49.6703630994524,37,96.6027667047469,0.7461559756199335,1.0405695066281477e-15,19.102031540808177
84,25.0,A5,1,38,0.02631578947368421,1.0,1.0,1,1.7638678701310329,0.6486230685377651,0.6493869018631905,30.381897395606416
84,25.0,A5A6,63,37,1.7027027027027026,7.047720418649735,49.6703630994524,37,96.6027667047469,0.5482996825320438,7.437575063665737e-16,22.69511566390847
85,25.0,A5,1,38,0.02631578947368421,1.0,1.0,1,1.7638678701310329,0.4170008403894929,0.4143105290047643,41.39370508703783
85,25.0,A5A6,63,37,1.7027027027027026,7.047720418649735,49.6703630994524,37,96.6027667047469,0.4829437966020997,5.560756150322752e-16,25.411909112296712
86,25.0,A5,1,38,0.02631578947368421,1.0,1.0,1,1.7638678701310329,0.5168884700016722,0.5174762234210828,32.35939874135291
86,25.0,A5A6,63,37,1.7027027027027026,7.047720418649735,49.6703630994524,37,96.6027667047469,0.6105890464693475,1.1066189788740125e-15,22.31067847838751
87,25.0,A5,1,38,0.02631578947368421,1.0,1.0,1,1.7638678701310329,0.5801186455985451,0.5808557715013019,34.97775016696176
87,25.0,A5A6,63,37,1.7027027027027026,7.047720418649735,49.6703630994524,37,96.6027667047469,0.483685871333199,5.835096720603632e-16,23.107269027276015
88,25.0,A5,1,38,0.02631578947368421,1.0,1.0,1,1.7638678701310329,0.5544967807449225,0.5551858821613876,25.75613517336049
88,25.0,A5A6,63,37,1.7027027027027026,7.047720418649735,49.6703630994524,37,96.6027667047469,0.6817725993136075,8.488121798814124e-16,22.613606326995644
89,25.0,A5,1,38,0.02631578947368421,1.0,1.0,1,1.7638678701310329,0.5404277280871291,0.5410569887507441,26.47064495582098
89,25.0,A5A6,63,37,1.7027027027027026,7.047720418649735,49.6703630994524,37,96.6027667047469,0.520609959661687,6.576615592584849e-16,23.804787496988695
90,25.0,A5,1,38,0.02631578947368421,1.0,1.0,1,1.7638678701310329,0.5034048399893745,0.5040516539702747,39.17691609063701
90,25.0,A5A6,63,37,1.7027027027027026,7.047720418649735,49.6703630994524,37,96.6027667047469,0.7201638244459695,8.785119938237984e-16,21.805998040940647
91,25.0,A5,1,38,0.02631578947368421,1.0,1.0,1,1.7638678701310329,0.7009313350383181,0.7005530610494372,20.198219494665963
91,25.0,A5A6,63,37,1.7027027027027026,7.047720418649735,49.6703630994524,37,96.6027667047469,0.8488132999244604,1.0291399621671015e-15,19.745088180430702
92,25.0,A5,1,38,0.02631578947368421,1.0,1.0,1,1.7638678701310329,0.7109001129911817,0.7118195614526825,38.035200271299544
92,25.0,A5A6,63,37,1.7027027027027026,7.047720418649735,49.6703630994524,37,96.6027667047469,0.686017065957514,8.666925542099149e-16,21.239019608261394
93,25.0,A5,1,38,0.02631578947368421,1.0,1.0,1,1.7638678701310329,0.6728859915680769,0.6737633701748655,35.84274720504846
93,25.0,A5A6,63,37,1.7027027027027026,7.047720418649735,49.6703630994524,37,96.6027667047469,0.7124229527795914,9.221764545204321e-16,21.37552110747244
94,25.0,A5,1,38,0.02631578947368421,1.0,1.0,1,1.7638678701310329,0.5245941615167835,0.5249461856519788,33.390393572277446
94,25.0,A5A6,63,37,1.7027027027027026,7.047720418649735,49.6703630994524,37,96.6027667047469,0.6109920336989837,6.357912408908582e-16,22.693189187870175
95,25.0,A5,1,38,0.02631578947368421,1.0,1.0,1,1.7638678701310329,0.5664335616746959,0.5669316436862587,26.76093432236316
95,25.0,A5A6,63,37,1.7027027027027026,7.047720418649735,49.6703630994524,37,96.6027667047469,0.47045830148446716,7.978582424100098e-16,22.000403849796516
96,25.0,A5,1,38,0.02631578947368421,1.0,1.0,1,1.7638678701310329,0.6600300301097679,0.6609457902860612,27.30820456864602
96,25.0,A5A6,63,37,1.7027027027027026,7.047720418649735,49.6703630994524,37,96.6027667047469,0.5534507020055001,7.769726524467265e-16,21.94008457004053
97,25.0,A5,1,38,0.02631578947368421,1.0,1.0,1,1.7638678701310329,0.8528658053182802,0.8534258976205051,20.794681298564125
97,25.0,A5A6,63,37,1.7027027027027026,7.047720418649735,49.6703630994524,37,96.6027667047469,0.8354386113329956,9.298620474813495e-16,19.590235607134293
98,25.0,A5,1,38,0.02631578947368421,1.0,1.0,1,1.7638678701310329,1.0721737548208499,1.073810297735189,21.007057153065073
98,25.0,A5A6,63,37,1.7027027027027026,7.047720418649735,49.6703630994524,37,96.6027667047469,0.9438061753781078,1.2419699390572581e-15,20.77647362113546
99,25.0,A5,1,38,0.02631578947368421,1.0,1.0,1,1.7638678701310329,0.6487789019104833,0.6496604423987523,21.755372454765222
99,25.0,A5A6,63,37,1.7027027027027026,7.047720418649735,49.6703630994524,37,96.6027667047469,0.7525040300921271,1.0548528280898012e-15,21.43494761098121
0,50.0,A5,3,38,0.07894736842105263,1.4469802330398391,2.093751794808027,3,5.402489676005084,0.8498322560230402,0.8487006020309391,15.727351652527464
0,50.0,A5A6,63,37,1.7027027027027026,7.047720418649735,49.6703630994524,37,96.6027667047469,0.9364728110054938,1.1493521632567172e-15,16.77304574189967
1,50.0,A5,1,38,0.02631578947368421,1.0,1.0,1,1.7638678701310329,0.9808992986415823,0.9819388235037706,27.312729756929997
1,50.0,A5A6,63,37,1.7027027027027026,7.047720418649735,49.6703630994524,37,96.6027667047469,1.2321900465308253,1.682180952246728e-15,16.940247317076388
2,50.0,A5,1,38,0.02631578947368421,1.0,1.0,1,1.7638678701310329,0.9150641743022668,0.9160391040531651,20.14606783001854
2,50.0,A5A6,63,37,1.7027027027027026,7.047720418649735,49.6703630994524,37,96.6027667047469,1.1417435707799826,1.1025160572995703e-15,17.31746723124179
3,50.0,A5,1,38,0.02631578947368421,1.0,1.0,1,1.7638678701310329,0.9262378995684281,0.9270682859845094,19.97000282404162
3,50.0,A5A6,63,37,1.7027027027027026,7.047720418649735,49.6703630994524,37,96.6027667047469,1.211448981484129,1.8088754183395767e-15,17.296142314255324
4,50.0,A5,1,38,0.02631578947368421,1.0,1.0,1,1.7638678701310329,0.8994538471178812,0.9004818375246395,23.271208456378766
4,50.0,A5A6,63,37,1.7027027027027026,7.047720418649735,49.6703630994524,37,96.6027667047469,0.9822270879564339,1.1490012671962914e-15,16.895651346496507
5,50.0,A5,2,38,0.05263157894736842,1.1168082710455467,1.2472607142757433,2,3.3153568368751065,1.0977314160872378,1.0979716210158619,16.298844415471898
5,50.0,A5A6,63,37,1.7027027027027026,7.047720418649735,49.6703630994524,37,96.6027667047469,1.2337503416407558,1.6803445311059029e-15,15.762928939179098
6,50.0,A5,1,38,0.02631578947368421,1.0,1.0,1,1.7638678701310329,0.6810749541355595,0.6816749233582441,19.13040147130745
6,50.0,A5A6,63,37,1.7027027027027026,7.047720418649735,49.6703630994524,37,96.6027667047469,0.8240634439620516,9.458809415910071e-16,18.42754434720526
7,50.0,A5,1,38,0.02631578947368421,1.0,1.0,1,1.7638678701310329,0.9787849867396173,0.979756688031869,26.37123379052663
7,50.0,A5A6,63,37,1.7027027027027026,7.047720418649735,49.6703630994524,37,96.6027667047469,0.9059723531058435,9.424359266751729e-16,19.294415043847046
8,50.0,A5,1,38,0.02631578947368421,1.0,1.0,1,1.7638678701310329,1.3011318060427075,1.3021877349607875,15.260342495034324
8,50.0,A5A6,63,37,1.7027027027027026,7.047720418649735,49.6703630994524,37,96.6027667047469,1.320637197482006,1.6059117669467975e-15,15.361619043666362
9,50.0,A5,1,38,0.02631578947368421,1.0,1.0,1,1.7638678701310329,1.266933779635785,1.269120771847821,22.828569867501415
9,50.0,A5A6,63,37,1.7027027027027026,7.047720418649735,49.6703630994524,37,96.6027667047469,1.0193602062036695,1.336417556845123e-15,17.469185924854585
10,50.0,A5,6,38,0.15789473684210525,1.746655521227366,3.0508055098340416,6,12.341262021914662,1.0484023932665478,1.0424837941348626,8.912185187523662
10,50.0,A5A6,1,37,0.02702702702702703,1.0,1.0,1,1.9299957902109612,1.156972353828788,1.1579032636092934,11.385082404178156
11,50.0,A5,3,38,0.07894736842105263,1.669655600452283,2.7877498241216734,3,6.2700147369188075,0.5533489472452111,0.5410059104147719,18.989125280301863
11,50.0,A5A6,63,37,1.7027027027027026,7.047720418649735,49.6703630994524,37,96.6027667047469,0.7287556803164131,7.415985974147879e-16,19.177497954998405
12,50.0,A5,1,38,0.02631578947368421,1.0,1.0,1,1.7638678701310329,0.7065545831081999,0.7016460118039044,23.23713221131335
12,50.0,A5A6,63,37,1.7027027027027026,7.047720418649735,49.6703630994524,37,96.6027667047469,0.7075947258996218,1.0501744994887785e-15,17.841824628535775
13,50.0,A5,1,38,0.02631578947368421,1.0,1.0,1,1.7638678701310329,0.6266280854543157,0.6223407158813423,18.9311388944325
13,50.0,A5A6,63,37,1.7027027027027026,7.047720418649735,49.6703630994524,37,96.6027667047469,0.8274132596185577,1.0124931687384091e-15,17.499766447547312
14,50.0,A5,1,38,0.02631578947368421,1.0,1.0,1,1.7638678701310329,1.130518235430662,1.1320972329015377,30.737557726555806
14,50.0,A5A6,63,37,1.7027027027027026,7.047720418649735,49.6703630994524,37,96.6027667047469,1.2074897661212054,1.4806248493489272e-15,16.274092598829057
15,50.0,A5,1,38,0.02631578947368421,1.0,1.0,1,1.7638678701310329,1.192561638633445,1.1944045421615055,20.874401660233378
15,50.0,A5A6,63,37,1.7027027027027026,7.047720418649735,49.6703630994524,37,96.6027667047469,1.1225269403150204,1.4333561463569997e-15,17.274119918525848
16,50.0,A5,2,38,0.05263157894736842,1.239019926381448,1.535170377970289,2,3.6031874199086555,1.0344505458045623,1.0343215997365238,18.61412123206925
16,50.0,A5A6,63,37,1.7027027027027026,7.047720418649735,49.6703630994524,37,96.6027667047469,1.1173187921514924,1.4727345125645804e-15,15.627843164105792
17,50.0,A5,3,38,0.07894736842105263,1.3305894135886516,1.7704681875541917,3,4.601814082954423,0.908725743646802,0.9093128163931137,16.908442825189958
17,50.0,A5A6,63,37,1.7027027027027026,7.047720418649735,49.6703630994524,37,96.6027667047469,1.1681361290247705,1.3423352579673383e-15,16.5341861953464
18,50.0,A5,2,38,0.05263157894736842,1.357115108903746,1.8417614188148266,2,3.5651314231797313,0.9389571796277758,0.9392561503698982,23.687588604689793
18,50.0,A5A6,63,37,1.7027027027027026,7.047720418649735,49.6703630994524,37,96.6027667047469,1.2336435163567885,1.6866124991936492e-15,17.038393090566412
19,50.0,A5,1,38,0.02631578947368421,1.0,1.0,1,1.7638678701310329,0.9153739994507857,0.916125847394225,35.41834685375564
19,50.0,A5A6,63,37,1.7027027027027026,7.047720418649735,49.6703630994524,37,96.6027667047469,1.1344491838901505,1.6626145822706475e-15,16.35951057920057
20,50.0,A5,4,38,0.10526315789473684,1.6138190326922057,2.6044118702796064,4,7.671222030586053,1.123596992566332,1.124575631519251,16.4897646439738
20,50.0,A5A6,63,37,1.7027027027027026,7.047720418649735,49.6703630994524,37,96.6027667047469,1.0842554311399724,1.3082449038576685e-15,17.594653741007505
21,50.0,A5,2,38,0.05263157894736842,1.188227097712551,1.4118836357383924,2,3.1191014608058394,1.0153460199787943,1.0160677778034162,21.16661745993962
21,50.0,A5A6,63,37,1.7027027027027026,7.047720418649735,49.6703630994524,37,96.6027667047469,1.0739790269949085,1.2438155582375656e-15,17.55429038995045
22,50.0,A5,1,38,0.02631578947368421,1.0,1.0,1,1.7638678701310329,1.025934069840057,1.027560011314309,30.441951258831807
22,50.0,A5A6,63,37,1.7027027027027026,7.047720418649735,49.6703630994524,37,96.6027667047469,0.994306764247853,1.6769856719100001e-15,17.9720771254239
23,50.0,A5,4,38,0.10526315789473684,1.388089786210791,1.9267932545827196,4,6.880022463792674,1.2025820341491085,1.2034681620940935,16.517125629128987
23,50.0,A5A6,3,37,0.08108108108108109,1.2831764936638832,1.6465419138915376,3,4.817502483775714,1.1448117957317587,1.145415396566796,13.19374878538589
24,50.0,A5,3,38,0.07894736842105263,1.4531601239264789,2.1116743457700196,3,4.481817924118804,0.8828966366303989,0.8837410676003687,13.961122776792541
24,50.0,A5A6,2,37,0.05405405405405406,1.1180553253865544,1.2500477106252341,2,3.5687611362601945,1.113070058054887,1.1129380090766021,14.729850960742608
25,50.0,A5,2,38,0.05263157894736842,1.2566178268759491,1.5790883628224328,2,3.3906055166697078,0.9067483209947946,0.9075950984504296,16.96827188162097
25,50.0,A5A6,63,37,1.7027027027027026,7.047720418649735,49.6703630994524,37,96.6027667047469,1.4647916924337046,1.728010986969913e-15,15.512037698752312
26,50.0,A5,1,38,0.02631578947368421,1.0,1.0,1,1.7638678701310329,1.111487283910076,1.1126749225835049,26.693840423229553
26,50.0,A5A6,63,37,1.7027027027027026,7.047720418649735,49.6703630994524,37,96.6027667047469,1.1035048623733346,1.3701855884699817e-15,17.06924816753159
27,50.0,A5,1,38,0.02631578947368421,1.0,1.0,1,1.7638678701310329,1.3652228142367107,1.3675444096156497,23.553804289565456
27,50.0,A5A6,63,37,1.7027027027027026,7.047720418649735,49.6703630994524,37,96.6027667047469,1.3172897969006192,1.5868804345232718e-15,15.79544595155651
28,50.0,A5,1,38,0.02631578947368421,1.0,1.0,1,1.7638678701310329,1.144706313999254,1.1458679572267327,26.898159806602653
28,50.0,A5A6,1,37,0.02702702702702703,1.0,1.0,1,1.042345513992037,1.1126584833183992,1.1140101659501964,19.61287821941189
29,50.0,A5,1,38,0.02631578947368421,1.0,1.0,1,1.7638678701310329,0.957728123647991,0.9589701705340932,31.410228400111755
29,50.0,A5A6,63,37,1.7027027027027026,7.047720418649735,49.6703630994524,37,96.6027667047469,0.9783408947957387,1.326854822382057e-15,18.491507878673858
30,50.0,A5,1,38,0.02631578947368421,1.0,1.0,1,1.7638678701310329,1.3473914488821874,1.3495642012943598,22.454729640178837
30,50.0,A5A6,63,37,1.7027027027027026,7.047720418649735,49.6703630994524,37,96.6027667047469,1.3379765184423416,1.512541598860083e-15,15.757219008159165
31,50.0,A5,3,38,0.07894736842105263,1.5923329281501257,2.5355241540711533,3,4.871538943311618,1.3838234287138766,1.3858924415563927,17.683285167339417
31,50.0,A5A6,63,37,1.7027027027027026,7.047720418649735,49.6703630994524,37,96.6027667047469,1.1224437751511926,1.645130349703033e-15,16.106667783494128
32,50.0,A5,1,38,0.02631578947368421,1.0,1.0,1,1.7638678701310329,1.040482816563417,1.0419532429149545,25.493692315870664
32,50.0,A5A6,63,37,1.7027027027027026,7.047720418649735,49.6703630994524,37,96.6027667047469,1.0780149484169903,2.025434522862598e-15,17.170910702736414
33,50.0,A5,1,38,0.02631578947368421,1.0,1.0,1,1.7638678701310329,1.158768064799774,1.1606172659288485,34.4092045483782
33,50.0,A5A6,63,37,1.7027027027027026,7.047720418649735,49.6703630994524,37,96.6027667047469,0.9919268108230007,1.3303745776926701e-15,18.222090721929625
34,50.0,A5,1,38,0.02631578947368421,1.0,1.0,1,1.7638678701310329,1.1839703752781559,1.1854345347387931,26.82603109660224
34,50.0,A5A6,63,37,1.7027027027027026,7.047720418649735,49.6703630994524,37,96.6027667047469,1.321172764966586,1.6041615580914983e-15,16.14088342263186
35,50.0,A5,1,38,0.02631578947368421,1.0,1.0,1,1.7638678701310329,0.954397713082894,0.9554944559000348,27.011161947066846
35,50.0,A5A6,63,37,1.7027027027027026,7.047720418649735,49.6703630994524,37,96.6027667047469,1.2434621692980532,1.906470768118847e-15,17.17527520744682
36,50.0,A5,1,38,0.02631578947368421,1.0,1.0,1,1.7638678701310329,1.3571000186038522,1.3590267936314788,24.580015132065775
36,50.0,A5A6,63,37,1.7027027027027026,7.047720418649735,49.6703630994524,37,96.6027667047469,1.0425635085803182,1.308298958170437e-15,17.077614806980822
37,50.0,A5,1,38,0.02631578947368421,1.0,1.0,1,1.7638678701310329,1.170690665384057,1.1726258813647117,19.04919962726656
37,50.0,A5A6,63,37,1.7027027027027026,7.047720418649735,49.6703630994524,37,96.6027667047469,0.9890492131205004,1.8845868501491948e-15,17.352121570579907
38,50.0,A5,1,38,0.02631578947368421,1.0,1.0,1,1.7638678701310329,1.1918330316864498,1.193259337974625,26.375170278549945
38,50.0,A5A6,63,37,1.7027027027027026,7.047720418649735,49.6703630994524,37,96.6027667047469,1.1387455159472357,1.6893695216694324e-15,15.77251318029369
39,50.0,A5,1,38,0.02631578947368421,1.0,1.0,1,1.7638678701310329,1.410802570961968,1.4127147778973723,21.101256686480593
39,50.0,A5A6,63,37,1.7027027027027026,7.047720418649735,49.6703630994524,37,96.6027667047469,1.1505311384820203,1.2931743954467732e-15,16.155988744095037
40,50.0,A5,3,38,0.07894736842105263,1.2831106512216117,1.6463729432783485,3,5.539280200443416,1.166420260823603,1.167089828019397,16.786739688249032
40,50.0,A5A6,1,37,0.02702702702702703,1.0,1.0,1,1.3129619115168056,1.345245615607096,1.3464910088502073,16.025806403624145
41,50.0,A5,1,38,0.02631578947368421,1.0,1.0,1,1.7638678701310329,0.5246954986778498,0.5176322207584731,22.859234816025122
41,50.0,A5A6,63,37,1.7027027027027026,7.047720418649735,49.6703630994524,37,96.6027667047469,0.47844135690676076,6.531550644946431e-16,21.485335211316464
42,50.0,A5,3,38,0.07894736842105263,1.2845366006451968,1.6500342783971178,3,5.150992044750766,0.8409113154357134,0.8336816154649145,21.275293190767197
42,50.0,A5A6,63,37,1.7027027027027026,7.047720418649735,49.6703630994524,37,96.6027667047469,0.9188975339017523,1.2110618829313938e-15,17.527209592408674
43,50.0,A5,1,38,0.02631578947368421,1.0,1.0,1,1.7638678701310329,1.0736469056170257,1.0751049690753969,17.202976983208718
43,50.0,A5A6,1,37,0.02702702702702703,1.0,1.0,1,1.4289395850623197,1.1719018607442022,1.1732586668064902,19.183424557296945
44,50.0,A5,2,38,0.05263157894736842,1.2547419076086574,1.5743772547094126,2,3.641458281422409,0.9707709003169036,0.9717760964481796,16.971984518167112
44,50.0,A5A6,1,37,0.02702702702702703,1.0,1.0,1,1.7992051850387094,1.006175231758081,1.0068748110554753,17.13847089605517
45,50.0,A5,2,38,0.05263157894736842,1.1125117204074222,1.2376823280438822,2,3.683878531318386,0.6518124711968089,0.6429474686021879,21.241826981856477
45,50.0,A5A6,63,37,1.7027027027027026,7.047720418649735,49.6703630994524,37,96.6027667047469,0.6273128578608569,9.029253397952903e-16,19.203864361512192
46,50.0,A5,4,38,0.10526315789473684,1.8290070862996144,3.345266921734205,4,7.637127486222367,1.0265991028130088,1.0271094221972819,12.764217388784395
46,50.0,A5A6,1,37,0.02702702702702703,1.0,1.0,1,1.9299957902109612,1.1204198083679966,1.1211109060938227,19.85341959793155
47,50.0,A5,2,38,0.05263157894736842,1.1168082710455467,1.2472607142757433,2,3.3153568368751065,1.0322648379615451,1.0331036319416376,20.277323110156082
47,50.0,A5A6,2,37,0.05405405405405406,1.6027327029381817,2.56875211706753,2,4.671210387344553,1.1891133320848206,1.183339492581354,19.03507460079632
48,50.0,A5,4,38,0.10526315789473684,1.6055251173417255,2.5777109024151614,4,6.111576125979892,1.1322382636812878,1.1331149522766182,16.607493155988195
48,50.0,A5A6,1,37,0.02702702702702703,1.0,1.0,1,1.882067717151351,1.1810402570459895,1.1782593498865361,16.900749569985503
49,50.0,A5,1,38,0.02631578947368421,1.0,1.0,1,1.7638678701310329,1.1934520019823807,1.1945439886556246,19.20242519449074
49,50.0,A5A6,63,37,1.7027027027027026,7.047720418649735,49.6703630994524,37,96.6027667047469,0.8328592585251412,1.1801781639730066e-15,17.43648050286322
50,50.0,A5,2,38,0.05263157894736842,1.2295546369279597,1.511804605191047,2,3.7614075458065575,0.9252866184078443,0.9250783309132323,15.338764640354924
50,50.0,A5A6,1,37,0.02702702702702703,1.0,1.0,1,1.9299957902109612,0.7463843782587168,0.7419459854202141,17.76010378162117
51,50.0,A5,5,38,0.13157894736842105,2.0557924854137974,4.226282743083838,5,9.943489999082047,0.8339071119640763,0.8171031581524243,17.5206136143995
51,50.0,A5A6,63,37,1.7027027027027026,7.047720418649735,49.6703630994524,37,96.6027667047469,0.8893072123861591,1.1520569643153772e-15,18.86848045705691
52,50.0,A5,2,38,0.05263157894736842,1.0717276124541906,1.1486000752967598,2,3.3568593176398953,0.9018112318868473,0.9011141740305362,20.759020793400094
52,50.0,A5A6,63,37,1.7027027027027026,7.047720418649735,49.6703630994524,37,96.6027667047469,1.0013708245688635,1.393250803055011e-15,17.358908776927592
53,50.0,A5,4,38,0.10526315789473684,1.6453688035188265,2.707238499592975,4,7.809846270863587,0.8748116033192418,0.8660126720014304,18.73660728563302
53,50.0,A5A6,63,37,1.7027027027027026,7.047720418649735,49.6703630994524,37,96.6027667047469,0.7972413002834082,8.389707452230834e-16,18.261826163232996
54,50.0,A5,1,38,0.02631578947368421,1.0,1.0,1,1.7638678701310329,0.7994477173208283,0.7978414850350174,24.588672467908935
54,50.0,A5A6,63,37,1.7027027027027026,7.047720418649735,49.6703630994524,37,96.6027667047469,0.7920403301525009,8.657505265294377e-16,17.3763889338442
55,50.0,A5,4,38,0.10526315789473684,1.7359495527024975,3.013520849528001,4,5.742081807810514,1.0899090515473941,1.091124334406367,17.458010131226345
55,50.0,A5A6,63,37,1.7027027027027026,7.047720418649735,49.6703630994524,37,96.6027667047469,1.1338193656838007,1.792291748504584e-15,16.78132224677455
56,50.0,A5,3,38,0.07894736842105263,1.6327832244383473,2.6659810580072865,3,5.759660064620771,0.8531842689499008,0.8523411171921977,19.79502005449686
56,50.0,A5A6,63,37,1.7027027027027026,7.047720418649735,49.6703630994524,37,96.6027667047469,1.0356624772334624,2.0223899999032617e-15,15.10952994635266
57,50.0,A5,2,38,0.05263157894736842,1.239019926381448,1.535170377970289,2,3.6031874199086555,1.0929558761840725,1.093794102389386,27.250677869728477
57,50.0,A5A6,63,37,1.7027027027027026,7.047720418649735,49.6703630994524,37,96.6027667047469,0.9103942351883547,1.1576520858193354e-15,18.017696815696056
58,50.0,A5,2,38,0.05263157894736842,1.239019926381448,1.535170377970289,2,3.6031874199086555,0.9631775611391505,0.9640706696352848,15.860557707294905
58,50.0,A5A6,1,37,0.02702702702702703,1.0,1.0,1,1.9299957902109612,0.9567101821620742,0.9572326844510898,15.17538844518512
59,50.0,A5,1,38,0.02631578947368421,1.0,1.0,1,1.7638678701310329,0.8265640765315228,0.827547452959354,24.633411566162366
59,50.0,A5A6,63,37,1.7027027027027026,7.047720418649735,49.6703630994524,37,96.6027667047469,0.8732670552688778,8.387544973135691e-16,18.258849114360572
60,50.0,A5,1,38,0.02631578947368421,1.0,1.0,1,1.7638678701310329,1.089729241470004,1.0909940938221285,24.881244760544586
60,50.0,A5A6,63,37,1.7027027027027026,7.047720418649735,49.6703630994524,37,96.6027667047469,1.2228872071950774,1.6971022389526792e-15,16.205698845191968
61,50.0,A5,1,38,0.02631578947368421,1.0,1.0,1,1.7638678701310329,1.3642784026234205,1.3661999813589867,24.088429920563563
61,50.0,A5A6,63,37,1.7027027027027026,7.047720418649735,49.6703630994524,37,96.6027667047469,0.99684249709645,1.6505672815979281e-15,17.70312920776794
62,50.0,A5,1,38,0.02631578947368421,1.0,1.0,1,1.7638678701310329,1.0061889910035544,1.0072546127898354,32.43417308070044
62,50.0,A5A6,63,37,1.7027027027027026,7.047720418649735,49.6703630994524,37,96.6027667047469,1.0489687074384801,1.4008361993460574e-15,17.538764269213246
63,50.0,A5,2,38,0.05263157894736842,1.1617371102711822,1.349633113381237,2,3.6393675178399834,1.1478751065050008,1.14779719978431,14.747806937903835
63,50.0,A5A6,2,37,0.05405405405405406,1.3646155974888787,1.8621757289099294,2,3.6312824694968535,1.2417727201251116,1.2414230534020385,16.37090975660857
64,50.0,A5,1,38,0.02631578947368421,1.0,1.0,1,1.7638678701310329,1.048455578424829,1.0496326157809572,31.43890301140219
64,50.0,A5A6,63,37,1.7027027027027026,7.047720418649735,49.6703630994524,37,96.6027667047469,1.0652299113386097,1.4136538234904296e-15,17.76035652602595
65,50.0,A5,1,38,0.02631578947368421,1.0,1.0,1,1.7638678701310329,1.0416124908303188,1.043400386336029,35.62294352188638
65,50.0,A5A6,63,37,1.7027027027027026,7.047720418649735,49.6703630994524,37,96.6027667047469,0.858016759674909,9.999353002834425e-16,18.548385682297916
66,50.0,A5,1,38,0.02631578947368421,1.0,1.0,1,1.7638678701310329,1.0710452072895111,1.0723436607742702,19.814199670095633
66,50.0,A5A6,63,37,1.7027027027027026,7.047720418649735,49.6703630994524,37,96.6027667047469,1.271710632729796,1.5432576225897124e-15,17.52488385197674
67,50.0,A5,1,38,0.02631578947368421,1.0,1.0,1,1.7638678701310329,1.1585877554291228,1.1599950186489467,18.620948357138534
67,50.0,A5A6,63,37,1.7027027027027026,7.047720418649735,49.6703630994524,37,96.6027667047469,1.1404521771581952,1.4903316706282459e-15,15.317447313654593
68,50.0,A5,2,38,0.05263157894736842,1.3672838417181425,1.8694651038235226,2,3.2251321717432457,1.046330164285703,1.0477960447190044,17.627681253717032
68,50.0,A5A6,63,37,1.7027027027027026,7.047720418649735,49.6703630994524,37,96.6027667047469,1.031867023112428,1.2887816320952163e-15,16.488165884496343
69,50.0,A5,3,38,0.07894736842105263,1.1744758450631076,1.3793935106367008,3,5.18599353131623,1.130436908481947,1.1318850463424415,14.959128294873842
69,50.0,A5A6,2,37,0.05405405405405406,1.2016410078573327,1.4439411117643863,2,3.124039324733223,1.0508980475085794,1.051471742250206,15.948928731236357
70,50.0,A5,1,38,0.02631578947368421,1.0,1.0,1,1.7638678701310329,1.1878302803705918,1.1893894885176028,21.049887709312294
70,50.0,A5A6,63,37,1.7027027027027026,7.047720418649735,49.6703630994524,37,96.6027667047469,1.1487829826199647,1.4795798118169771e-15,16.82983264516961
71,50.0,A5,1,38,0.02631578947368421,1.0,1.0,1,1.7638678701310329,1.1364921470443152,1.1384658321898082,16.899799202932822
71,50.0,A5A6,63,37,1.7027027027027026,7.047720418649735,49.6703630994524,37,96.6027667047469,1.0324476745241113,1.4406596481279178e-15,16.996257434530726
72,50.0,A5,1,38,0.02631578947368421,1.0,1.0,1,1.7638678701310329,1.014231091934333,1.015244295074116,22.143507909205233
72,50.0,A5A6,63,37,1.7027027027027026,7.047720418649735,49.6703630994524,37,96.6027667047469,1.2166490969268042,1.849700916728204e-15,17.002234543116707
73,50.0,A5,1,38,0.02631578947368421,1.0,1.0,1,1.7638678701310329,1.0724353655176577,1.0737028601357612,21.705512627256716
73,50.0,A5A6,63,37,1.7027027027027026,7.047720418649735,49.6703630994524,37,96.6027667047469,1.123753751222312,1.4808880255724612e-15,17.970057189289
74,50.0,A5,1,38,0.02631578947368421,1.0,1.0,1,1.7638678701310329,1.2156513217203135,1.2171900866557246,29.85504670936935
74,50.0,A5A6,1,37,0.02702702702702703,1.0,1.0,1,1.3038718744331181,1.0842106067376562,1.0849522271144327,18.80135635159852
75,50.0,A5,6,38,0.15789473684210525,1.8004655561175815,3.241676218765792,6,10.057149645500342,1.32813415791539,1.3295111790409562,10.138458205119697
75,50.0,A5A6,5,37,0.13513513513513514,1.6691357048411242,2.7860140011754764,5,8.680695872707588,1.2728710732848527,1.2719208620506852,11.871515530955142
76,50.0,A5,2,38,0.05263157894736842,1.357115108903746,1.8417614188148266,2,3.5651314231797313,1.223762744680626,1.2249819497111742,14.883644063275625
76,50.0,A5A6,1,37,0.02702702702702703,1.0,1.0,1,1.6007584559524684,1.4606066611973803,1.4621766503720102,13.712571672117598
77,50.0,A5,3,38,0.07894736842105263,1.2602034377336877,1.5881127044758045,3,4.811363604346957,1.11980966386823,1.1178030970315354,17.0812362834717
77,50.0,A5A6,1,37,0.02702702702702703,1.0,1.0,1,1.0461934577764258,1.3084552201971107,1.310207739281827,18.127984651501613
78,50.0,A5,1,38,0.02631578947368421,1.0,1.0,1,1.7638678701310329,1.1173564792352244,1.1187340305512496,26.378913676482767
78,50.0,A5A6,63,37,1.7027027027027026,7.047720418649735,49.6703630994524,37,96.6027667047469,0.8645770059641812,1.3906738334960468e-15,18.13226168043102
79,50.0,A5,1,38,0.02631578947368421,1.0,1.0,1,1.7638678701310329,0.799388346705171,0.8001416624585637,27.27211267062236
79,50.0,A5A6,63,37,1.7027027027027026,7.047720418649735,49.6703630994524,37,96.6027667047469,1.0467650542865432,1.269747672186429e-15,17.036530339582338
80,50.0,A5,1,38,0.02631578947368421,1.0,1.0,1,1.7638678701310329,0.9777171347703446,0.9788139528588893,26.267996922959593
80,50.0,A5A6,63,37,1.7027027027027026,7.047720418649735,49.6703630994524,37,96.6027667047469,0.958197315647225,1.193975022394091e-15,17.89199274388814
81,50.0,A5,1,38,0.02631578947368421,1.0,1.0,1,1.7638678701310329,0.9344569384806231,0.9358580779621551,27.294369378141027
81,50.0,A5A6,63,37,1.7027027027027026,7.047720418649735,49.6703630994524,37,96.6027667047469,0.7602868985899477,1.1566118360847661e-15,18.83590917180752
82,50.0,A5,4,38,0.10526315789473684,1.3751837241926455,1.891130275284354,4,6.638619100190689,1.2396400506354321,1.2408690542013303,15.950054048112603
82,50.0,A5A6,1,37,0.02702702702702703,1.0,1.0,1,3.3567542878546486,1.1223928857267904,1.121854276546721,18.985871215676728
83,50.0,A5,1,38,0.02631578947368421,1.0,1.0,1,1.7638678701310329,1.3276348212085693,1.3297145209483563,20.122086322210638
83,50.0,A5A6,1,37,0.02702702702702703,1.0,1.0,1,1.6496031834959812,0.976549233131255,0.9770774032266705,15.390854553984862
84,50.0,A5,1,38,0.02631578947368421,1.0,1.0,1,1.7638678701310329,0.9780124821456381,0.9791733423607822,23.517061650449016
84,50.0,A5A6,63,37,1.7027027027027026,7.047720418649735,49.6703630994524,37,96.6027667047469,0.9417266835238044,1.3598561392637264e-15,18.210344745137945
85,50.0,A5,1,38,0.02631578947368421,1.0,1.0,1,1.7638678701310329,1.2829761493392493,1.2853168130140549,38.29480016692187
85,50.0,A5A6,63,37,1.7027027027027026,7.047720418649735,49.6703630994524,37,96.6027667047469,0.9927569055399151,1.548100508924832e-15,17.242677430606747
86,50.0,A5,1,38,0.02631578947368421,1.0,1.0,1,1.7638678701310329,0.6103880098909251,0.6103542401494036,31.31933833535154
86,50.0,A5A6,63,37,1.7027027027027026,7.047720418649735,49.6703630994524,37,96.6027667047469,0.7958681570722274,9.382721431661275e-16,21.032192809193635
87,50.0,A5,1,38,0.02631578947368421,1.0,1.0,1,1.7638678701310329,0.9710490973067251,0.9719757939806393,25.03603704236301
87,50.0,A5A6,63,37,1.7027027027027026,7.047720418649735,49.6703630994524,37,96.6027667047469,0.94193489100711,1.4101722810196352e-15,17.265725034746456
88,50.0,A5,1,38,0.02631578947368421,1.0,1.0,1,1.7638678701310329,0.8169149649454128,0.8181061381764276,26.619387269230646
88,50.0,A5A6,63,37,1.7027027027027026,7.047720418649735,49.6703630994524,37,96.6027667047469,0.8974783695850215,1.1083159012940559e-15,19.104208895621024
89,50.0,A5,1,38,0.02631578947368421,1.0,1.0,1,1.7638678701310329,0.9748004043433911,0.9757703138940564,26.682700141537943
89,50.0,A5A6,63,37,1.7027027027027026,7.047720418649735,49.6703630994524,37,96.6027667047469,1.0851378523514836,9.802308237276912e-16,18.158532641639805
90,50.0,A5,1,38,0.02631578947368421,1.0,1.0,1,1.7638678701310329,0.8798323342530882,0.8808105303011146,27.5421227652594
90,50.0,A5A6,63,37,1.7027027027027026,7.047720418649735,49.6703630994524,37,96.6027667047469,1.0217400177099734,1.0597045056928558e-15,18.128730750956052
91,50.0,A5,4,38,0.10526315789473684,1.666566943041566,2.77744537563891,4,8.360925068473794,0.9911126198753908,0.986967708264794,12.648117876777704
91,50.0,A5A6,1,37,0.02702702702702703,1.0,1.0,1,1.4847721033138137,1.107138385106504,1.108415374459485,16.574046429968348
92,50.0,A5,1,38,0.02631578947368421,1.0,1.0,1,1.7638678701310329,1.3154780678387359,1.3176595142816265,27.4497158056411
92,50.0,A5A6,1,37,0.02702702702702703,1.0,1.0,1,1.3097607682985322,1.0307423614801057,1.031767810362473,19.186443496823525
93,50.0,A5,2,38,0.05263157894736842,1.2614659359403104,1.5912963075377633,2,2.9391011209351956,0.8999002639910801,0.9006742178463573,19.999144397460306
93,50.0,A5A6,63,37,1.7027027027027026,7.047720418649735,49.6703630994524,37,96.6027667047469,0.820196721909364,8.995858479171122e-16,18.873731299448604
94,50.0,A5,2,38,0.05263157894736842,1.2614659359403104,1.5912963075377633,2,2.9391011209351956,0.9958942735767568,0.9951805764040402,20.05662980995458
94,50.0,A5A6,63,37,1.7027027027027026,7.047720418649735,49.6703630994524,37,96.6027667047469,0.9990666293288211,1.011152684780315e-15,18.175777890381145
95,50.0,A5,2,38,0.05263157894736842,1.2547419076086574,1.5743772547094126,2,3.641458281422409,1.1160207803211692,1.1173339199927512,18.7692601894595
95,50.0,A5A6,63,37,1.7027027027027026,7.047720418649735,49.6703630994524,37,96.6027667047469,1.2152370451547545,1.6855972029432976e-15,16.355163971419604
96,50.0,A5,1,38,0.02631578947368421,1.0,1.0,1,1.7638678701310329,1.432055195587555,1.43370539944856,26.062282428727038
96,50.0,A5A6,63,37,1.7027027027027026,7.047720418649735,49.6703630994524,37,96.6027667047469,1.418277013735628,2.106651503253984e-15,15.70045800777719
97,50.0,A5,3,38,0.07894736842105263,1.2831106512216117,1.6463729432783485,3,5.539280200443416,1.0026197286454315,1.0025405858149643,17.810330621082155
97,50.0,A5A6,1,37,0.02702702702702703,1.0,1.0,1,1.4719037178715162,1.0796233098554178,1.0801610309485254,17.803438004488225
98,50.0,A5,1,38,0.02631578947368421,1.0,1.0,1,1.7638678701310329,1.164239815452214,1.1657192974735604,20.95537448742483
98,50.0,A5A6,63,37,1.7027027027027026,7.047720418649735,49.6703630994524,37,96.6027667047469,0.9623492732527222,1.2403770211531732e-15,16.84726389083116
99,50.0,A5,1,38,0.02631578947368421,1.0,1.0,1,1.7638678701310329,0.9368907951540014,0.938140050570549,21.21152087789055
99,50.0,A5A6,63,37,1.7027027027027026,7.047720418649735,49.6703630994524,37,96.6027667047469,1.04752159163556,1.4489126608657798e-15,17.605840165219956
